Brody,0.414884079942,topredict\brody\brody (1).jpg: 0
brody,0.420698842701,topredict\brody\brody (10).jpg: 0
brody,0.453211449175,topredict\brody\brody (11).jpg: 0
Brody,0.367177560596,topredict\brody\brody (12).jpg: 0
Brody,0.398441102248,topredict\brody\brody (13).jpg: 0
brody,0.492046285056,topredict\brody\brody (14).jpg: 0
brody,0.443200337019,topredict\brody\brody (16).jpg: 0
Brody,0.403463328554,topredict\brody\brody (17).jpg: 0
Brody,0.355888916897,topredict\brody\brody (18).jpg: 0
brody,0.410696057456,topredict\brody\brody (19).jpg: 0
brody,0.435986659542,topredict\brody\brody (2).jpg: 0
brody,0.452594066688,topredict\brody\brody (20).jpg: 0
Brody,0.415731590798,topredict\brody\brody (21).jpg: 0
Brody,0.375048646716,topredict\brody\brody (22).jpg: 0
brody,0.427947170647,topredict\brody\brody (23).jpg: 0
Brody,0.395573724928,topredict\brody\brody (24).jpg: 0
Brody,0.426708370905,topredict\brody\brody (25).jpg: 0
brody,0.444794487201,topredict\brody\brody (26).jpg: 0
brody,0.412200175231,topredict\brody\brody (27).jpg: 0
Brody,0.383398690809,topredict\brody\brody (28).jpg: 0
Brody,0.384843357571,topredict\brody\brody (29).jpg: 0
Brody,0.402390666151,topredict\brody\brody (3).jpg: 0
brody,0.410006949459,topredict\brody\brody (30).jpg: 0
Brody,0.437441971946,topredict\brody\brody (31).jpg: 0
brody,0.432199324847,topredict\brody\brody (32).jpg: 0
Brody,0.374883748388,topredict\brody\brody (33).jpg: 0
Brody,0.35189496095,topredict\brody\brody (35).jpg: 0
Brody,0.332245070549,topredict\brody\brody (36).jpg: 0
brody,0.401168828729,topredict\brody\brody (37).jpg: 0
Brody,0.410095697871,topredict\brody\brody (38).jpg: 0
Brody,0.412772070076,topredict\brody\brody (39).jpg: 0
brody,0.412200175231,topredict\brody\brody (4).jpg: 0
Brody,0.419374571371,topredict\brody\brody (40).jpg: 0
Brody,0.39640672204,topredict\brody\brody (41).jpg: 0
Brody,0.425634622138,topredict\brody\brody (42).jpg: 0
brody,0.422374284955,topredict\brody\brody (43).jpg: 0
brody,0.459315372582,topredict\brody\brody (44).jpg: 0
Brody,0.378827661973,topredict\brody\brody (45).jpg: 0
Brody,0.384930143758,topredict\brody\brody (46).jpg: 0
Brody,0.358182042838,topredict\brody\brody (47).jpg: 0
Brody,0.404029936835,topredict\brody\brody (48).jpg: 0
Brody,0.329423394868,topredict\brody\brody (49).jpg: 0
Brody,0.450595814644,topredict\brody\brody (5).jpg: 0
Brody,0.411380869838,topredict\brody\brody (50).jpg: 0
brody,0.400795981148,topredict\brody\brody (51).jpg: 0
brody,0.375579511165,topredict\brody\brody (52).jpg: 0
brody,0.46503677883,topredict\brody\brody (53).jpg: 0
Brody,0.366003866763,topredict\brody\brody (54).jpg: 0
Brody,0.477889269332,topredict\brody\brody (55).jpg: 0
brody,0.408359078557,topredict\brody\brody (56).jpg: 0
brody,0.429244469185,topredict\brody\brody (57).jpg: 0
Brody,0.370804107182,topredict\brody\brody (58).jpg: 0
Brody,0.414624991189,topredict\brody\brody (59).jpg: 0
Brody,0.369949709565,topredict\brody\brody (6).jpg: 0
brody,0.395997063402,topredict\brody\brody (60).jpg: 0
Brody,0.480176232576,topredict\brody\brody (61).jpg: 0
Brody,0.391226747604,topredict\brody\brody (62).jpg: 0
brody,0.40127453577,topredict\brody\brody (63).jpg: 0
brody,0.476118093574,topredict\brody\brody (64).jpg: 0
brody,0.390441894935,topredict\brody\brody (65).jpg: 0
Brody,0.388340527873,topredict\brody\brody (66).jpg: 0
Brody,0.420135730304,topredict\brody\brody (67).jpg: 0
brody,0.391565942832,topredict\brody\brody (68).jpg: 0
brody,0.439347941202,topredict\brody\brody (69).jpg: 0
Brody,0.393065710367,topredict\brody\brody (7).jpg: 0
Brody,0.416215073028,topredict\brody\brody (70).jpg: 0
Brody,0.429220604962,topredict\brody\brody (71).jpg: 0
Brody,0.39488870392,topredict\brody\brody (72).jpg: 0
Brody,0.439617681472,topredict\brody\brody (73).jpg: 0
Brody,0.426974918089,topredict\brody\brody (8).jpg: 0
brody,0.453887648538,topredict\brody\brody (9).jpg: 0
