leo,0.445895249132,topredict\leo\leo (1).jpg: 0
leo,0.445651252206,topredict\leo\leo (10).jpg: 0
leo,0.495670386176,topredict\leo\leo (11).jpg: 0
leo,0.442802815363,topredict\leo\leo (12).jpg: 0
leo,0.470467567005,topredict\leo\leo (13).jpg: 0
leo,0.521745382287,topredict\leo\leo (14).jpg: 0
leo,0.488866865528,topredict\leo\leo (15).jpg: 0
leo,0.545851975765,topredict\leo\leo (16).jpg: 0
leo,0.522245277756,topredict\leo\leo (17).jpg: 0
leo,0.454786420495,topredict\leo\leo (18).jpg: 0
leo,0.412814697546,topredict\leo\leo (19).jpg: 0
leo,0.421170790612,topredict\leo\leo (2).jpg: 0
leo,0.433547449654,topredict\leo\leo (20).jpg: 0
leo,0.44724673156,topredict\leo\leo (21).jpg: 0
leo,0.433057237493,topredict\leo\leo (22).jpg: 0
leo,0.445579616089,topredict\leo\leo (23).jpg: 0
leo,0.426561983801,topredict\leo\leo (24).jpg: 0
leo,0.438347290808,topredict\leo\leo (25).jpg: 0
leo,0.435536531847,topredict\leo\leo (26).jpg: 0
leo,0.415467604439,topredict\leo\leo (27).jpg: 0
leo,0.504818513241,topredict\leo\leo (28).jpg: 0
leo,0.493558485255,topredict\leo\leo (29).jpg: 0
leo,0.468420716554,topredict\leo\leo (3).jpg: 0
leo,0.451357533969,topredict\leo\leo (30).jpg: 0
leo,0.573475852791,topredict\leo\leo (31).jpg: 0
leo,0.47800609083,topredict\leo\leo (32).jpg: 0
leo,0.486204304391,topredict\leo\leo (33).jpg: 0
leo,0.434896351559,topredict\leo\leo (34).jpg: 0
leo,0.450879267432,topredict\leo\leo (35).jpg: 0
leo,0.434404042048,topredict\leo\leo (36).jpg: 0
leo,0.476552870055,topredict\leo\leo (37).jpg: 0
leo,0.432112538074,topredict\leo\leo (38).jpg: 0
leo,0.4208348267,topredict\leo\leo (39).jpg: 0
leo,0.402439272856,topredict\leo\leo (4).jpg: 0
leo,0.442149454038,topredict\leo\leo (40).jpg: 0
leo,0.536367841575,topredict\leo\leo (41).jpg: 0
leo,0.51740053252,topredict\leo\leo (42).jpg: 0
leo,0.532003354928,topredict\leo\leo (43).jpg: 0
leo,0.419220903793,topredict\leo\leo (44).jpg: 0
leo,0.410828842819,topredict\leo\leo (45).jpg: 0
leo,0.431022035559,topredict\leo\leo (46).jpg: 0
leo,0.445651252206,topredict\leo\leo (47).jpg: 0
leo,0.495670386176,topredict\leo\leo (48).jpg: 0
leo,0.438633139638,topredict\leo\leo (49).jpg: 0
leo,0.463585352086,topredict\leo\leo (5).jpg: 0
leo,0.441734788401,topredict\leo\leo (50).jpg: 0
leo,0.443661944669,topredict\leo\leo (51).jpg: 0
leo,0.442137443205,topredict\leo\leo (52).jpg: 0
leo,0.412619637562,topredict\leo\leo (53).jpg: 0
leo,0.456464509269,topredict\leo\leo (54).jpg: 0
leo,0.403121710241,topredict\leo\leo (55).jpg: 0
leo,0.406750484254,topredict\leo\leo (56).jpg: 0
leo,0.435416309179,topredict\leo\leo (57).jpg: 0
leo,0.452156574632,topredict\leo\leo (58).jpg: 0
leo,0.440843978159,topredict\leo\leo (59).jpg: 0
leo,0.489218342442,topredict\leo\leo (6).jpg: 0
leo,0.464626220581,topredict\leo\leo (60).jpg: 0
leo,0.408818763335,topredict\leo\leo (61).jpg: 0
leo,0.40878735534,topredict\leo\leo (62).jpg: 0
leo,0.464090300612,topredict\leo\leo (7).jpg: 0
leo,0.493283637297,topredict\leo\leo (8).jpg: 0
leo,0.444084724114,topredict\leo\leo (9).jpg: 0
