matt,0.534633738481,topredict\mattandothers\matt (1).jpg: 0
keira,0.686027139727,topredict\mattandothers\matt (1).jpg: 1
matt,0.499746128022,topredict\mattandothers\matt (100).jpg: 0
morgan,0.733936250054,topredict\mattandothers\matt (100).jpg: 1
matt,0.534868098992,topredict\mattandothers\matt (101).jpg: 0
matt,0.520940836945,topredict\mattandothers\matt (102).jpg: 0
clarke,0.717463693674,topredict\mattandothers\matt (102).jpg: 1
matt,0.491855223532,topredict\mattandothers\matt (103).jpg: 0
abdullah,0.826713120227,topredict\mattandothers\matt (103).jpg: 1
leo,0.624124177233,topredict\mattandothers\matt (103).jpg: 2
matt,0.561156920838,topredict\mattandothers\matt (104).jpg: 0
Abdulrahman,0.724363244764,topredict\mattandothers\matt (104).jpg: 1
matt,0.517574342971,topredict\mattandothers\matt (105).jpg: 0
matt,0.51118469092,topredict\mattandothers\matt (106).jpg: 0
matt,0.491905139565,topredict\mattandothers\matt (107).jpg: 0
derya,0.657078556538,topredict\mattandothers\matt (107).jpg: 1
clarke,0.682342470146,topredict\mattandothers\matt (108).jpg: 0
matt,0.543325884389,topredict\mattandothers\matt (108).jpg: 1
matt,0.688320765253,topredict\mattandothers\matt (109).jpg: 0
matt,0.5507401942,topredict\mattandothers\matt (109).jpg: 1
matt,0.553437058576,topredict\mattandothers\matt (11).jpg: 0
abdullah,0.693531260373,topredict\mattandothers\matt (11).jpg: 1
derya,0.711204217357,topredict\mattandothers\matt (11).jpg: 2
morgan,0.782130908698,topredict\mattandothers\matt (11).jpg: 3
Brody,0.576756140811,topredict\mattandothers\matt (110).jpg: 0
matt,0.640760214775,topredict\mattandothers\matt (110).jpg: 1
clarke,0.736286767648,topredict\mattandothers\matt (111).jpg: 0
matt,0.526717058038,topredict\mattandothers\matt (111).jpg: 1
morgan,0.654938613325,topredict\mattandothers\matt (111).jpg: 2
matt,0.505901736299,topredict\mattandothers\matt (112).jpg: 0
natalie,0.739846680997,topredict\mattandothers\matt (112).jpg: 1
fassbender,0.74731262408,topredict\mattandothers\matt (112).jpg: 2
clarke,0.693755458353,topredict\mattandothers\matt (112).jpg: 3
derya,0.705552781726,topredict\mattandothers\matt (113).jpg: 0
Brody,0.523692144443,topredict\mattandothers\matt (113).jpg: 1
Abdulrahman,0.61328422892,topredict\mattandothers\matt (113).jpg: 2
matt,0.553482232471,topredict\mattandothers\matt (113).jpg: 3
keira,0.660958534476,topredict\mattandothers\matt (114).jpg: 0
matt,0.492848320326,topredict\mattandothers\matt (114).jpg: 1
matt,0.516363718811,topredict\mattandothers\matt (115).jpg: 0
fassbender,0.681228853949,topredict\mattandothers\matt (115).jpg: 1
abdullah,0.69476325739,topredict\mattandothers\matt (116).jpg: 0
matt,0.528565387291,topredict\mattandothers\matt (116).jpg: 1
matt,0.523871516319,topredict\mattandothers\matt (118).jpg: 0
matt,0.605856953318,topredict\mattandothers\matt (119).jpg: 0
abdullah,0.705338831607,topredict\mattandothers\matt (12).jpg: 0
matt,0.548723316844,topredict\mattandothers\matt (12).jpg: 1
keira,0.681699074748,topredict\mattandothers\matt (120).jpg: 0
matt,0.507991469106,topredict\mattandothers\matt (120).jpg: 1
natalie,0.751531205153,topredict\mattandothers\matt (120).jpg: 2
clarke,0.689316263815,topredict\mattandothers\matt (121).jpg: 0
matt,0.517734721074,topredict\mattandothers\matt (121).jpg: 1
matt,0.64629624454,topredict\mattandothers\matt (121).jpg: 2
natalie,0.68223877596,topredict\mattandothers\matt (122).jpg: 0
matt,0.531275117202,topredict\mattandothers\matt (122).jpg: 1
clarke,0.771685881413,topredict\mattandothers\matt (123).jpg: 0
abdullah,0.702377093106,topredict\mattandothers\matt (123).jpg: 1
matt,0.540909503052,topredict\mattandothers\matt (123).jpg: 2
leo,0.690586933366,topredict\mattandothers\matt (123).jpg: 3
Abdulrahman,0.676866914025,topredict\mattandothers\matt (123).jpg: 4
matt,0.472693090955,topredict\mattandothers\matt (124).jpg: 0
keira,0.76524354275,topredict\mattandothers\matt (125).jpg: 0
matt,0.506426323025,topredict\mattandothers\matt (125).jpg: 1
matt,0.505492994633,topredict\mattandothers\matt (126).jpg: 0
clarke,0.668550534366,topredict\mattandothers\matt (126).jpg: 1
derya,0.680036707316,topredict\mattandothers\matt (127).jpg: 0
matt,0.480005237133,topredict\mattandothers\matt (127).jpg: 1
matt,0.679768756992,topredict\mattandothers\matt (127).jpg: 2
matt,0.513198298746,topredict\mattandothers\matt (128).jpg: 0
fassbender,0.680165072071,topredict\mattandothers\matt (128).jpg: 1
matt,0.740707264658,topredict\mattandothers\matt (129).jpg: 0
matt,0.559958086664,topredict\mattandothers\matt (129).jpg: 1
abdullah,0.698682322577,topredict\mattandothers\matt (129).jpg: 2
hussam,0.767896910186,topredict\mattandothers\matt (13).jpg: 0
matt,0.513095544957,topredict\mattandothers\matt (13).jpg: 1
matt,0.496140218752,topredict\mattandothers\matt (130).jpg: 0
derya,0.680731708863,topredict\mattandothers\matt (130).jpg: 1
Brody,0.503193385533,topredict\mattandothers\matt (130).jpg: 2
fassbender,0.690979280379,topredict\mattandothers\matt (130).jpg: 3
matt,0.547598810379,topredict\mattandothers\matt (14).jpg: 0
matt,0.668860778484,topredict\mattandothers\matt (14).jpg: 1
abdullah,0.696377031849,topredict\mattandothers\matt (14).jpg: 2
morgan,0.759353779514,topredict\mattandothers\matt (15).jpg: 0
derya,0.690767664801,topredict\mattandothers\matt (15).jpg: 1
matt,0.490528951359,topredict\mattandothers\matt (15).jpg: 2
fassbender,0.681406144652,topredict\mattandothers\matt (15).jpg: 3
abdullah,0.675210486707,topredict\mattandothers\matt (16).jpg: 0
matt,0.522367485075,topredict\mattandothers\matt (16).jpg: 1
Abdulrahman,0.660077057616,topredict\mattandothers\matt (16).jpg: 2
clarke,0.677537129544,topredict\mattandothers\matt (17).jpg: 0
matt,0.524144279039,topredict\mattandothers\matt (17).jpg: 1
hussam,0.610786333859,topredict\mattandothers\matt (18).jpg: 0
keira,0.776657614591,topredict\mattandothers\matt (18).jpg: 1
Abdulrahman,0.710449233313,topredict\mattandothers\matt (18).jpg: 2
matt,0.512502784053,topredict\mattandothers\matt (18).jpg: 3
morgan,0.680833747591,topredict\mattandothers\matt (18).jpg: 4
fassbender,0.685368298917,topredict\mattandothers\matt (18).jpg: 5
abdullah,0.681025627867,topredict\mattandothers\matt (18).jpg: 6
matt,0.632711985931,topredict\mattandothers\matt (19).jpg: 0
matt,0.56697022338,topredict\mattandothers\matt (2).jpg: 0
matt,0.517817376163,topredict\mattandothers\matt (20).jpg: 0
abdullah,0.69383486601,topredict\mattandothers\matt (20).jpg: 1
keira,0.694195277263,topredict\mattandothers\matt (21).jpg: 0
matt,0.484372889941,topredict\mattandothers\matt (21).jpg: 1
matt,0.532647461742,topredict\mattandothers\matt (22).jpg: 0
clarke,0.716851084971,topredict\mattandothers\matt (22).jpg: 1
morgan,0.614468350995,topredict\mattandothers\matt (22).jpg: 2
derya,0.712857802327,topredict\mattandothers\matt (24).jpg: 0
fassbender,0.665802190282,topredict\mattandothers\matt (24).jpg: 1
matt,0.526011178443,topredict\mattandothers\matt (24).jpg: 2
morgan,0.765238727521,topredict\mattandothers\matt (24).jpg: 3
derya,0.702561205093,topredict\mattandothers\matt (25).jpg: 0
morgan,0.718971950238,topredict\mattandothers\matt (25).jpg: 1
matt,0.595141030117,topredict\mattandothers\matt (25).jpg: 2
matt,0.541540481008,topredict\mattandothers\matt (26).jpg: 0
keira,0.729975434769,topredict\mattandothers\matt (26).jpg: 1
keira,0.670146615685,topredict\mattandothers\matt (26).jpg: 2
matt,0.580251291184,topredict\mattandothers\matt (27).jpg: 0
keira,0.686266334293,topredict\mattandothers\matt (28).jpg: 0
matt,0.521062560469,topredict\mattandothers\matt (28).jpg: 1
matt,0.5412958613,topredict\mattandothers\matt (29).jpg: 0
natalie,0.712739614887,topredict\mattandothers\matt (3).jpg: 0
matt,0.554962158108,topredict\mattandothers\matt (3).jpg: 1
derya,0.734662215563,topredict\mattandothers\matt (3).jpg: 2
abdullah,0.698282496396,topredict\mattandothers\matt (30).jpg: 0
matt,0.528945286435,topredict\mattandothers\matt (30).jpg: 1
abdullah,0.601623392473,topredict\mattandothers\matt (30).jpg: 2
matt,0.601347676569,topredict\mattandothers\matt (31).jpg: 0
morgan,0.77683223874,topredict\mattandothers\matt (32).jpg: 0
keira,0.689003383154,topredict\mattandothers\matt (32).jpg: 1
matt,0.48953722044,topredict\mattandothers\matt (33).jpg: 0
keira,0.707849564901,topredict\mattandothers\matt (33).jpg: 1
matt,0.53202565623,topredict\mattandothers\matt (34).jpg: 0
abdullah,0.716376480054,topredict\mattandothers\matt (34).jpg: 1
abdullah,0.571338335995,topredict\mattandothers\matt (34).jpg: 2
matt,0.518096460506,topredict\mattandothers\matt (35).jpg: 0
abdullah,0.682740137807,topredict\mattandothers\matt (35).jpg: 1
abdullah,0.729289336224,topredict\mattandothers\matt (36).jpg: 0
leo,0.667490481989,topredict\mattandothers\matt (36).jpg: 1
natalie,0.736404221699,topredict\mattandothers\matt (36).jpg: 2
keira,0.683210127268,topredict\mattandothers\matt (37).jpg: 0
matt,0.567342276452,topredict\mattandothers\matt (37).jpg: 1
matt,0.509999655068,topredict\mattandothers\matt (38).jpg: 0
leo,0.733348491046,topredict\mattandothers\matt (39).jpg: 0
matt,0.527493251517,topredict\mattandothers\matt (39).jpg: 1
matt,0.506426882946,topredict\mattandothers\matt (4).jpg: 0
leo,0.686313755413,topredict\mattandothers\matt (4).jpg: 1
abdullah,0.637258083987,topredict\mattandothers\matt (40).jpg: 0
morgan,0.631391327086,topredict\mattandothers\matt (41).jpg: 0
keira,0.706615887903,topredict\mattandothers\matt (42).jpg: 0
matt,0.564077630439,topredict\mattandothers\matt (42).jpg: 1
keira,0.714281330901,topredict\mattandothers\matt (42).jpg: 2
clarke,0.691154783098,topredict\mattandothers\matt (43).jpg: 0
matt,0.525951672647,topredict\mattandothers\matt (43).jpg: 1
derya,0.667126187894,topredict\mattandothers\matt (44).jpg: 0
fassbender,0.678720719128,topredict\mattandothers\matt (44).jpg: 1
matt,0.499884843501,topredict\mattandothers\matt (44).jpg: 2
morgan,0.741521626529,topredict\mattandothers\matt (44).jpg: 3
matt,0.616343717786,topredict\mattandothers\matt (45).jpg: 0
derya,0.646130831239,topredict\mattandothers\matt (46).jpg: 0
Abdulrahman,0.763629431762,topredict\mattandothers\matt (46).jpg: 1
matt,0.649864672229,topredict\mattandothers\matt (46).jpg: 2
clarke,0.730711372349,topredict\mattandothers\matt (47).jpg: 0
matt,0.497893452996,topredict\mattandothers\matt (47).jpg: 1
matt,0.504253854602,topredict\mattandothers\matt (48).jpg: 0
keira,0.731280527607,topredict\mattandothers\matt (48).jpg: 1
derya,0.66509475885,topredict\mattandothers\matt (48).jpg: 2
Abdulrahman,0.754105882913,topredict\mattandothers\matt (48).jpg: 3
clarke,0.677885495845,topredict\mattandothers\matt (48).jpg: 4
abdullah,0.642056317839,topredict\mattandothers\matt (48).jpg: 5
keira,0.72870452779,topredict\mattandothers\matt (49).jpg: 0
matt,0.530868108513,topredict\mattandothers\matt (49).jpg: 1
matt,0.531474068139,topredict\mattandothers\matt (5).jpg: 0
keira,0.730747851849,topredict\mattandothers\matt (5).jpg: 1
matt,0.516371519068,topredict\mattandothers\matt (50).jpg: 0
abdullah,0.660739569973,topredict\mattandothers\matt (50).jpg: 1
matt,0.495737928606,topredict\mattandothers\matt (51).jpg: 0
keira,0.748815796489,topredict\mattandothers\matt (51).jpg: 1
matt,0.537388892192,topredict\mattandothers\matt (52).jpg: 0
keira,0.674112526223,topredict\mattandothers\matt (52).jpg: 1
matt,0.581768084191,topredict\mattandothers\matt (53).jpg: 0
natalie,0.738957691864,topredict\mattandothers\matt (53).jpg: 1
clarke,0.731167557074,topredict\mattandothers\matt (53).jpg: 2
keira,0.677552727529,topredict\mattandothers\matt (53).jpg: 3
matt,0.552684788552,topredict\mattandothers\matt (54).jpg: 0
derya,0.660595594559,topredict\mattandothers\matt (55).jpg: 0
matt,0.534823609191,topredict\mattandothers\matt (55).jpg: 1
derya,0.742672414896,topredict\mattandothers\matt (56).jpg: 0
matt,0.490154341286,topredict\mattandothers\matt (56).jpg: 1
hussam,0.658331991865,topredict\mattandothers\matt (57).jpg: 0
abdullah,0.618384679742,topredict\mattandothers\matt (57).jpg: 1
matt,0.552087959148,topredict\mattandothers\matt (57).jpg: 2
matt,0.562436193783,topredict\mattandothers\matt (58).jpg: 0
hussam,0.649357058813,topredict\mattandothers\matt (59).jpg: 0
kit,0.683610390541,topredict\mattandothers\matt (59).jpg: 1
abdullah,0.710921774774,topredict\mattandothers\matt (60).jpg: 0
matt,0.520138470815,topredict\mattandothers\matt (60).jpg: 1
derya,0.666869497833,topredict\mattandothers\matt (61).jpg: 0
fassbender,0.683086268169,topredict\mattandothers\matt (61).jpg: 1
Brody,0.54225657857,topredict\mattandothers\matt (61).jpg: 2
matt,0.52252356948,topredict\mattandothers\matt (61).jpg: 3
matt,0.514157398271,topredict\mattandothers\matt (62).jpg: 0
derya,0.708736060329,topredict\mattandothers\matt (62).jpg: 1
matt,0.511471008082,topredict\mattandothers\matt (63).jpg: 0
keira,0.724014415089,topredict\mattandothers\matt (63).jpg: 1
derya,0.747941636018,topredict\mattandothers\matt (64).jpg: 0
matt,0.491012687542,topredict\mattandothers\matt (65).jpg: 0
morgan,0.670944718399,topredict\mattandothers\matt (65).jpg: 1
matt,0.491208145014,topredict\mattandothers\matt (66).jpg: 0
keira,0.678398893708,topredict\mattandothers\matt (66).jpg: 1
matt,0.535145406067,topredict\mattandothers\matt (67).jpg: 0
keira,0.78651809373,topredict\mattandothers\matt (67).jpg: 1
matt,0.731998419897,topredict\mattandothers\matt (67).jpg: 2
matt,0.528120969018,topredict\mattandothers\matt (68).jpg: 0
abdullah,0.72750427092,topredict\mattandothers\matt (68).jpg: 1
matt,0.4982184738,topredict\mattandothers\matt (69).jpg: 0
natalie,0.704207176863,topredict\mattandothers\matt (69).jpg: 1
keira,0.665851593239,topredict\mattandothers\matt (7).jpg: 0
matt,0.527732607847,topredict\mattandothers\matt (7).jpg: 1
Abdulrahman,0.702357293765,topredict\mattandothers\matt (7).jpg: 2
derya,0.709514471968,topredict\mattandothers\matt (70).jpg: 0
matt,0.529794960271,topredict\mattandothers\matt (70).jpg: 1
matt,0.503645780549,topredict\mattandothers\matt (71).jpg: 0
derya,0.671074189006,topredict\mattandothers\matt (72).jpg: 0
matt,0.536954488937,topredict\mattandothers\matt (72).jpg: 1
Brody,0.531903686657,topredict\mattandothers\matt (72).jpg: 2
derya,0.697972240342,topredict\mattandothers\matt (73).jpg: 0
Brody,0.552667786789,topredict\mattandothers\matt (73).jpg: 1
matt,0.590651813339,topredict\mattandothers\matt (73).jpg: 2
Abdulrahman,0.607845029567,topredict\mattandothers\matt (73).jpg: 3
matt,0.500550500368,topredict\mattandothers\matt (74).jpg: 0
matt,0.562753315777,topredict\mattandothers\matt (75).jpg: 0
matt,0.633983400651,topredict\mattandothers\matt (75).jpg: 1
matt,0.705355533975,topredict\mattandothers\matt (75).jpg: 2
matt,0.564423378092,topredict\mattandothers\matt (76).jpg: 0
derya,0.740064321058,topredict\mattandothers\matt (76).jpg: 1
natalie,0.730024358818,topredict\mattandothers\matt (76).jpg: 2
Brody,0.61527827218,topredict\mattandothers\matt (77).jpg: 0
clarke,0.647562012735,topredict\mattandothers\matt (77).jpg: 1
matt,0.486158788105,topredict\mattandothers\matt (78).jpg: 0
morgan,0.667821448178,topredict\mattandothers\matt (78).jpg: 1
abdullah,0.695740597327,topredict\mattandothers\matt (79).jpg: 0
matt,0.498800598144,topredict\mattandothers\matt (79).jpg: 1
matt,0.715036242748,topredict\mattandothers\matt (8).jpg: 0
morgan,0.775739971815,topredict\mattandothers\matt (8).jpg: 1
matt,0.526989274707,topredict\mattandothers\matt (8).jpg: 2
morgan,0.651106979781,topredict\mattandothers\matt (8).jpg: 3
clarke,0.707491030799,topredict\mattandothers\matt (80).jpg: 0
matt,0.517111504519,topredict\mattandothers\matt (80).jpg: 1
abdullah,0.739426671892,topredict\mattandothers\matt (81).jpg: 0
matt,0.516916908605,topredict\mattandothers\matt (81).jpg: 1
Abdulrahman,0.728947747512,topredict\mattandothers\matt (81).jpg: 2
matt,0.520047114805,topredict\mattandothers\matt (82).jpg: 0
matt,0.513936774572,topredict\mattandothers\matt (84).jpg: 0
matt,0.544950808666,topredict\mattandothers\matt (85).jpg: 0
natalie,0.724475403144,topredict\mattandothers\matt (85).jpg: 1
keira,0.662390226793,topredict\mattandothers\matt (86).jpg: 0
matt,0.527000272787,topredict\mattandothers\matt (86).jpg: 1
matt,0.533590482954,topredict\mattandothers\matt (87).jpg: 0
matt,0.537928025233,topredict\mattandothers\matt (88).jpg: 0
abdullah,0.713206373934,topredict\mattandothers\matt (88).jpg: 1
matt,0.544956399213,topredict\mattandothers\matt (89).jpg: 0
abdullah,0.698917326835,topredict\mattandothers\matt (89).jpg: 1
leo,0.744117891036,topredict\mattandothers\matt (89).jpg: 2
clarke,0.726613816265,topredict\mattandothers\matt (9).jpg: 0
matt,0.528786789346,topredict\mattandothers\matt (9).jpg: 1
morgan,0.630064766566,topredict\mattandothers\matt (9).jpg: 2
matt,0.547365625798,topredict\mattandothers\matt (90).jpg: 0
natalie,0.698971175651,topredict\mattandothers\matt (90).jpg: 1
derya,0.716924913629,topredict\mattandothers\matt (90).jpg: 2
matt,0.470644302492,topredict\mattandothers\matt (91).jpg: 0
clarke,0.711366045403,topredict\mattandothers\matt (91).jpg: 1
matt,0.504776757413,topredict\mattandothers\matt (92).jpg: 0
derya,0.716343869525,topredict\mattandothers\matt (92).jpg: 1
matt,0.508172091735,topredict\mattandothers\matt (93).jpg: 0
derya,0.680261774332,topredict\mattandothers\matt (93).jpg: 1
matt,0.526152327713,topredict\mattandothers\matt (94).jpg: 0
abdullah,0.670992329045,topredict\mattandothers\matt (94).jpg: 1
derya,0.74068550054,topredict\mattandothers\matt (95).jpg: 0
matt,0.56635798709,topredict\mattandothers\matt (96).jpg: 0
matt,0.502014856469,topredict\mattandothers\matt (97).jpg: 0
keira,0.718731823707,topredict\mattandothers\matt (97).jpg: 1
matt,0.571848240152,topredict\mattandothers\matt (99).jpg: 0
morgan,0.727416905702,topredict\mattandothers\matt (99).jpg: 1
fassbender,0.654363319049,topredict\mattandothers\matt (99).jpg: 2
matt,0.54845138466,topredict\mattandothers\s (1).jpg: 0
matt,0.507921526366,topredict\mattandothers\s (10).jpg: 0
matt,0.506179915751,topredict\mattandothers\s (101).jpg: 0
keira,0.740315073626,topredict\mattandothers\s (101).jpg: 1
matt,0.528553397205,topredict\mattandothers\s (102).jpg: 0
keira,0.730748289601,topredict\mattandothers\s (102).jpg: 1
keira,0.686582859465,topredict\mattandothers\s (103).jpg: 0
matt,0.46494709647,topredict\mattandothers\s (103).jpg: 1
matt,0.686063649261,topredict\mattandothers\s (103).jpg: 2
matt,0.562329827005,topredict\mattandothers\s (103).jpg: 3
Brody,0.659659979166,topredict\mattandothers\s (104).jpg: 0
matt,0.554993931046,topredict\mattandothers\s (104).jpg: 1
Abdulrahman,0.720559736881,topredict\mattandothers\s (104).jpg: 2
natalie,0.686137236757,topredict\mattandothers\s (104).jpg: 3
leo,0.728881245589,topredict\mattandothers\s (104).jpg: 4
matt,0.767752155043,topredict\mattandothers\s (104).jpg: 5
matt,0.500706853555,topredict\mattandothers\s (106).jpg: 0
abdullah,0.723185790506,topredict\mattandothers\s (106).jpg: 1
matt,0.555745536275,topredict\mattandothers\s (107).jpg: 0
derya,0.671553263889,topredict\mattandothers\s (107).jpg: 1
matt,0.494785145764,topredict\mattandothers\s (108).jpg: 0
matt,0.679539844611,topredict\mattandothers\s (109).jpg: 0
clarke,0.697165471351,topredict\mattandothers\s (109).jpg: 1
matt,0.492808622105,topredict\mattandothers\s (109).jpg: 2
matt,0.557454658403,topredict\mattandothers\s (11).jpg: 0
fassbender,0.702598066871,topredict\mattandothers\s (110).jpg: 0
abdullah,0.687613090062,topredict\mattandothers\s (110).jpg: 1
matt,0.547189950277,topredict\mattandothers\s (110).jpg: 2
fassbender,0.684265168021,topredict\mattandothers\s (110).jpg: 3
morgan,0.563044755852,topredict\mattandothers\s (110).jpg: 4
leo,0.660582826992,topredict\mattandothers\s (110).jpg: 5
abdullah,0.666712391678,topredict\mattandothers\s (111).jpg: 0
matt,0.493786679152,topredict\mattandothers\s (112).jpg: 0
derya,0.72570981313,topredict\mattandothers\s (112).jpg: 1
matt,0.774071807681,topredict\mattandothers\s (113).jpg: 0
derya,0.632425716047,topredict\mattandothers\s (113).jpg: 1
Brody,0.540357472972,topredict\mattandothers\s (113).jpg: 2
Brody,0.510232413922,topredict\mattandothers\s (113).jpg: 3
matt,0.503010552728,topredict\mattandothers\s (114).jpg: 0
keira,0.710824372539,topredict\mattandothers\s (114).jpg: 1
leo,0.676267070788,topredict\mattandothers\s (115).jpg: 0
fassbender,0.607740627179,topredict\mattandothers\s (115).jpg: 1
abdullah,0.722332924108,topredict\mattandothers\s (116).jpg: 0
matt,0.534953404901,topredict\mattandothers\s (116).jpg: 1
matt,0.5589190344,topredict\mattandothers\s (117).jpg: 0
abdullah,0.717786613082,topredict\mattandothers\s (117).jpg: 1
matt,0.470923355213,topredict\mattandothers\s (118).jpg: 0
clarke,0.711089485278,topredict\mattandothers\s (118).jpg: 1
matt,0.537738534254,topredict\mattandothers\s (119).jpg: 0
matt,0.510121058476,topredict\mattandothers\s (12).jpg: 0
clarke,0.721698837593,topredict\mattandothers\s (120).jpg: 0
matt,0.52248945979,topredict\mattandothers\s (120).jpg: 1
morgan,0.636356105532,topredict\mattandothers\s (120).jpg: 2
matt,0.756966322141,topredict\mattandothers\s (120).jpg: 3
matt,0.500712792178,topredict\mattandothers\s (121).jpg: 0
Brody,0.532900486164,topredict\mattandothers\s (122).jpg: 0
abdullah,0.670097858281,topredict\mattandothers\s (123).jpg: 0
Abdulrahman,0.722307815437,topredict\mattandothers\s (123).jpg: 1
kit,0.758290337332,topredict\mattandothers\s (124).jpg: 0
matt,0.661752328602,topredict\mattandothers\s (124).jpg: 1
clarke,0.693503780762,topredict\mattandothers\s (124).jpg: 2
matt,0.496104955872,topredict\mattandothers\s (124).jpg: 3
matt,0.497450967965,topredict\mattandothers\s (125).jpg: 0
keira,0.692020952536,topredict\mattandothers\s (125).jpg: 1
matt,0.484097199127,topredict\mattandothers\s (126).jpg: 0
keira,0.652927326928,topredict\mattandothers\s (126).jpg: 1
matt,0.721122109192,topredict\mattandothers\s (127).jpg: 0
hussam,0.715083644187,topredict\mattandothers\s (127).jpg: 1
Brody,0.57523947243,topredict\mattandothers\s (127).jpg: 2
matt,0.562439058264,topredict\mattandothers\s (127).jpg: 3
keira,0.702657091593,topredict\mattandothers\s (127).jpg: 4
Abdulrahman,0.75157459115,topredict\mattandothers\s (127).jpg: 5
matt,0.459927284889,topredict\mattandothers\s (128).jpg: 0
derya,0.82326979728,topredict\mattandothers\s (128).jpg: 1
brody,0.749020083532,topredict\mattandothers\s (128).jpg: 2
matt,0.492444710375,topredict\mattandothers\s (129).jpg: 0
matt,0.574023554699,topredict\mattandothers\s (13).jpg: 0
keira,0.728397685726,topredict\mattandothers\s (13).jpg: 1
keira,0.70001569876,topredict\mattandothers\s (131).jpg: 0
matt,0.55462624089,topredict\mattandothers\s (131).jpg: 1
matt,0.518455085056,topredict\mattandothers\s (132).jpg: 0
matt,0.511132295933,topredict\mattandothers\s (133).jpg: 0
keira,0.716797590824,topredict\mattandothers\s (133).jpg: 1
matt,0.511132295933,topredict\mattandothers\s (134).jpg: 0
keira,0.716797590824,topredict\mattandothers\s (134).jpg: 1
Brody,0.511944483308,topredict\mattandothers\s (135).jpg: 0
keira,0.68640123178,topredict\mattandothers\s (135).jpg: 1
matt,0.551879516664,topredict\mattandothers\s (136).jpg: 0
matt,0.710505495779,topredict\mattandothers\s (137).jpg: 0
Abdulrahman,0.679237403179,topredict\mattandothers\s (137).jpg: 1
keira,0.826187208921,topredict\mattandothers\s (137).jpg: 2
matt,0.525549263069,topredict\mattandothers\s (137).jpg: 3
matt,0.537832501785,topredict\mattandothers\s (138).jpg: 0
matt,0.567386519051,topredict\mattandothers\s (139).jpg: 0
matt,0.723356376353,topredict\mattandothers\s (139).jpg: 1
natalie,0.748147264796,topredict\mattandothers\s (14).jpg: 0
matt,0.503534089176,topredict\mattandothers\s (14).jpg: 1
derya,0.739870179512,topredict\mattandothers\s (140).jpg: 0
matt,0.519165581725,topredict\mattandothers\s (140).jpg: 1
hussam,0.644083233235,topredict\mattandothers\s (141).jpg: 0
matt,0.611685860374,topredict\mattandothers\s (141).jpg: 1
matt,0.485213062489,topredict\mattandothers\s (142).jpg: 0
abdullah,0.676089803499,topredict\mattandothers\s (142).jpg: 1
matt,0.543612691513,topredict\mattandothers\s (143).jpg: 0
leo,0.713457448168,topredict\mattandothers\s (143).jpg: 1
natalie,0.732348342732,topredict\mattandothers\s (144).jpg: 0
matt,0.529815447875,topredict\mattandothers\s (144).jpg: 1
clarke,0.739107961616,topredict\mattandothers\s (144).jpg: 2
matt,0.479438903865,topredict\mattandothers\s (145).jpg: 0
clarke,0.721300365142,topredict\mattandothers\s (145).jpg: 1
Abdulrahman,0.672738381415,topredict\mattandothers\s (145).jpg: 2
matt,0.634088863835,topredict\mattandothers\s (145).jpg: 3
matt,0.486110703962,topredict\mattandothers\s (146).jpg: 0
abdullah,0.689734553383,topredict\mattandothers\s (146).jpg: 1
clarke,0.713329205427,topredict\mattandothers\s (147).jpg: 0
matt,0.597269776531,topredict\mattandothers\s (147).jpg: 1
derya,0.744112975266,topredict\mattandothers\s (148).jpg: 0
matt,0.527945919743,topredict\mattandothers\s (148).jpg: 1
clarke,0.639910807399,topredict\mattandothers\s (148).jpg: 2
matt,0.493282451014,topredict\mattandothers\s (149).jpg: 0
clarke,0.632331117907,topredict\mattandothers\s (149).jpg: 1
matt,0.602651834307,topredict\mattandothers\s (15).jpg: 0
natalie,0.659905550414,topredict\mattandothers\s (15).jpg: 1
matt,0.499833904338,topredict\mattandothers\s (150).jpg: 0
matt,0.518334707455,topredict\mattandothers\s (151).jpg: 0
natalie,0.686456784413,topredict\mattandothers\s (151).jpg: 1
matt,0.572021009447,topredict\mattandothers\s (152).jpg: 0
morgan,0.647505559931,topredict\mattandothers\s (152).jpg: 1
matt,0.564501706743,topredict\mattandothers\s (153).jpg: 0
matt,0.709864276591,topredict\mattandothers\s (153).jpg: 1
matt,0.507093278967,topredict\mattandothers\s (154).jpg: 0
derya,0.676953891089,topredict\mattandothers\s (154).jpg: 1
matt,0.585718340678,topredict\mattandothers\s (155).jpg: 0
natalie,0.766928550741,topredict\mattandothers\s (155).jpg: 1
matt,0.505233313882,topredict\mattandothers\s (156).jpg: 0
clarke,0.70090870648,topredict\mattandothers\s (157).jpg: 0
matt,0.523853398161,topredict\mattandothers\s (157).jpg: 1
matt,0.497584071238,topredict\mattandothers\s (158).jpg: 0
keira,0.710668398291,topredict\mattandothers\s (158).jpg: 1
Brody,0.600478544001,topredict\mattandothers\s (159).jpg: 0
derya,0.651404282288,topredict\mattandothers\s (16).jpg: 0
clarke,0.750031382494,topredict\mattandothers\s (16).jpg: 1
matt,0.571916005684,topredict\mattandothers\s (16).jpg: 2
matt,0.519305693,topredict\mattandothers\s (160).jpg: 0
natalie,0.678936722305,topredict\mattandothers\s (160).jpg: 1
natalie,0.735768032994,topredict\mattandothers\s (161).jpg: 0
derya,0.7124724628,topredict\mattandothers\s (161).jpg: 1
matt,0.535840089441,topredict\mattandothers\s (161).jpg: 2
derya,0.640278144443,topredict\mattandothers\s (162).jpg: 0
keira,0.750859624311,topredict\mattandothers\s (162).jpg: 1
matt,0.53984775155,topredict\mattandothers\s (163).jpg: 0
keira,0.675770118386,topredict\mattandothers\s (164).jpg: 0
matt,0.550612206077,topredict\mattandothers\s (164).jpg: 1
leo,0.754446112332,topredict\mattandothers\s (164).jpg: 2
matt,0.712026441234,topredict\mattandothers\s (164).jpg: 3
matt,0.656181214806,topredict\mattandothers\s (164).jpg: 4
matt,0.460484348843,topredict\mattandothers\s (165).jpg: 0
matt,0.488245450122,topredict\mattandothers\s (166).jpg: 0
leo,0.652060484354,topredict\mattandothers\s (166).jpg: 1
matt,0.492617927235,topredict\mattandothers\s (167).jpg: 0
abdullah,0.749598037418,topredict\mattandothers\s (167).jpg: 1
matt,0.596224317116,topredict\mattandothers\s (168).jpg: 0
Abdulrahman,0.651853427125,topredict\mattandothers\s (168).jpg: 1
matt,0.611785022714,topredict\mattandothers\s (169).jpg: 0
matt,0.522372319642,topredict\mattandothers\s (170).jpg: 0
derya,0.729691363195,topredict\mattandothers\s (170).jpg: 1
matt,0.503566077049,topredict\mattandothers\s (171).jpg: 0
derya,0.749839664419,topredict\mattandothers\s (171).jpg: 1
matt,0.503566077049,topredict\mattandothers\s (172).jpg: 0
derya,0.749839664419,topredict\mattandothers\s (172).jpg: 1
matt,0.50127358815,topredict\mattandothers\s (173).jpg: 0
matt,0.509042254072,topredict\mattandothers\s (174).jpg: 0
keira,0.681394520074,topredict\mattandothers\s (174).jpg: 1
matt,0.597642852187,topredict\mattandothers\s (175).jpg: 0
matt,0.542015274312,topredict\mattandothers\s (176).jpg: 0
derya,0.755986649521,topredict\mattandothers\s (177).jpg: 0
matt,0.543590849731,topredict\mattandothers\s (177).jpg: 1
matt,0.499954358542,topredict\mattandothers\s (178).jpg: 0
derya,0.669076402837,topredict\mattandothers\s (178).jpg: 1
abdullah,0.67028415188,topredict\mattandothers\s (178).jpg: 2
matt,0.550415964387,topredict\mattandothers\s (179).jpg: 0
matt,0.545701846165,topredict\mattandothers\s (18).jpg: 0
matt,0.555844229381,topredict\mattandothers\s (180).jpg: 0
Abdulrahman,0.649425884914,topredict\mattandothers\s (180).jpg: 1
matt,0.548379525275,topredict\mattandothers\s (181).jpg: 0
matt,0.535748660735,topredict\mattandothers\s (182).jpg: 0
keira,0.692957562052,topredict\mattandothers\s (183).jpg: 0
matt,0.524929253338,topredict\mattandothers\s (183).jpg: 1
matt,0.509234269758,topredict\mattandothers\s (184).jpg: 0
natalie,0.760237475019,topredict\mattandothers\s (184).jpg: 1
derya,0.754446799018,topredict\mattandothers\s (184).jpg: 2
Abdulrahman,0.610313919751,topredict\mattandothers\s (184).jpg: 3
matt,0.500561937195,topredict\mattandothers\s (185).jpg: 0
natalie,0.698239972861,topredict\mattandothers\s (185).jpg: 1
morgan,0.664996749307,topredict\mattandothers\s (185).jpg: 2
keira,0.714163056457,topredict\mattandothers\s (185).jpg: 3
matt,0.5201672396,topredict\mattandothers\s (186).jpg: 0
keira,0.658056430235,topredict\mattandothers\s (186).jpg: 1
keira,0.722038608328,topredict\mattandothers\s (187).jpg: 0
matt,0.488641027429,topredict\mattandothers\s (187).jpg: 1
Abdulrahman,0.72069283431,topredict\mattandothers\s (187).jpg: 2
matt,0.520656604002,topredict\mattandothers\s (188).jpg: 0
natalie,0.776973197172,topredict\mattandothers\s (188).jpg: 1
natalie,0.702456498744,topredict\mattandothers\s (189).jpg: 0
matt,0.530550036256,topredict\mattandothers\s (189).jpg: 1
matt,0.481400585824,topredict\mattandothers\s (19).jpg: 0
keira,0.667325667347,topredict\mattandothers\s (19).jpg: 1
keira,0.681225293436,topredict\mattandothers\s (190).jpg: 0
matt,0.545302228503,topredict\mattandothers\s (190).jpg: 1
matt,0.473750985234,topredict\mattandothers\s (193).jpg: 0
keira,0.682774513035,topredict\mattandothers\s (193).jpg: 1
matt,0.579623273113,topredict\mattandothers\s (194).jpg: 0
leo,0.670679950863,topredict\mattandothers\s (194).jpg: 1
matt,0.560681708498,topredict\mattandothers\s (195).jpg: 0
keira,0.69660498837,topredict\mattandothers\s (195).jpg: 1
abdullah,0.710823194717,topredict\mattandothers\s (196).jpg: 0
derya,0.701937018108,topredict\mattandothers\s (197).jpg: 0
matt,0.550542954007,topredict\mattandothers\s (197).jpg: 1
keira,0.692575134439,topredict\mattandothers\s (198).jpg: 0
matt,0.484894799551,topredict\mattandothers\s (198).jpg: 1
matt,0.506004855129,topredict\mattandothers\s (199).jpg: 0
derya,0.677724058099,topredict\mattandothers\s (199).jpg: 1
matt,0.467929826186,topredict\mattandothers\s (2).jpg: 0
clarke,0.693490108588,topredict\mattandothers\s (2).jpg: 1
fassbender,0.690282346139,topredict\mattandothers\s (20).jpg: 0
matt,0.534068547189,topredict\mattandothers\s (20).jpg: 1
clarke,0.65913521197,topredict\mattandothers\s (200).jpg: 0
kit,0.72755128466,topredict\mattandothers\s (200).jpg: 1
matt,0.544048979851,topredict\mattandothers\s (201).jpg: 0
Abdulrahman,0.588984828559,topredict\mattandothers\s (201).jpg: 1
matt,0.5370518885,topredict\mattandothers\s (202).jpg: 0
matt,0.528731159594,topredict\mattandothers\s (203).jpg: 0
keira,0.651371351437,topredict\mattandothers\s (203).jpg: 1
morgan,0.583722467277,topredict\mattandothers\s (204).jpg: 0
keira,0.714660374389,topredict\mattandothers\s (205).jpg: 0
matt,0.515839937673,topredict\mattandothers\s (205).jpg: 1
natalie,0.700450570658,topredict\mattandothers\s (207).jpg: 0
Brody,0.553347905676,topredict\mattandothers\s (207).jpg: 1
derya,0.708764665962,topredict\mattandothers\s (208).jpg: 0
matt,0.685382784232,topredict\mattandothers\s (210).jpg: 0
Brody,0.494625095421,topredict\mattandothers\s (210).jpg: 1
leo,0.756583351615,topredict\mattandothers\s (210).jpg: 2
matt,0.661922956527,topredict\mattandothers\s (210).jpg: 3
matt,0.613738997253,topredict\mattandothers\s (211).jpg: 0
matt,0.53772301185,topredict\mattandothers\s (212).jpg: 0
derya,0.663549794872,topredict\mattandothers\s (212).jpg: 1
matt,0.52374039757,topredict\mattandothers\s (214).jpg: 0
matt,0.720954681583,topredict\mattandothers\s (216).jpg: 0
keira,0.670799476188,topredict\mattandothers\s (216).jpg: 1
matt,0.554086810687,topredict\mattandothers\s (216).jpg: 2
leo,0.812709750608,topredict\mattandothers\s (216).jpg: 3
matt,0.670577825135,topredict\mattandothers\s (216).jpg: 4
morgan,0.653787660857,topredict\mattandothers\s (216).jpg: 5
matt,0.493760145029,topredict\mattandothers\s (217).jpg: 0
derya,0.714309257508,topredict\mattandothers\s (218).jpg: 0
matt,0.513429275081,topredict\mattandothers\s (218).jpg: 1
matt,0.516486440705,topredict\mattandothers\s (219).jpg: 0
matt,0.511564472611,topredict\mattandothers\s (22).jpg: 0
keira,0.741252220028,topredict\mattandothers\s (22).jpg: 1
matt,0.657386129468,topredict\mattandothers\s (220).jpg: 0
keira,0.655240147201,topredict\mattandothers\s (220).jpg: 1
matt,0.570029534414,topredict\mattandothers\s (220).jpg: 2
Brody,0.669266973807,topredict\mattandothers\s (220).jpg: 3
leo,0.630242418015,topredict\mattandothers\s (220).jpg: 4
derya,0.705835609327,topredict\mattandothers\s (221).jpg: 0
abdullah,0.700912143461,topredict\mattandothers\s (221).jpg: 1
matt,0.541834642298,topredict\mattandothers\s (222).jpg: 0
matt,0.505085243925,topredict\mattandothers\s (223).jpg: 0
matt,0.468293743143,topredict\mattandothers\s (224).jpg: 0
keira,0.660439140196,topredict\mattandothers\s (224).jpg: 1
derya,0.663042939553,topredict\mattandothers\s (224).jpg: 2
matt,0.584773389407,topredict\mattandothers\s (224).jpg: 3
matt,0.468293743143,topredict\mattandothers\s (225).jpg: 0
keira,0.660439140196,topredict\mattandothers\s (225).jpg: 1
derya,0.663042939553,topredict\mattandothers\s (225).jpg: 2
matt,0.584773389407,topredict\mattandothers\s (225).jpg: 3
matt,0.499817278494,topredict\mattandothers\s (227).jpg: 0
matt,0.515930346554,topredict\mattandothers\s (228).jpg: 0
matt,0.491940547376,topredict\mattandothers\s (229).jpg: 0
matt,0.541773568476,topredict\mattandothers\s (23).jpg: 0
natalie,0.71048516343,topredict\mattandothers\s (230).jpg: 0
abdullah,0.694591187481,topredict\mattandothers\s (231).jpg: 0
matt,0.533093004294,topredict\mattandothers\s (231).jpg: 1
matt,0.547624784493,topredict\mattandothers\s (232).jpg: 0
abdullah,0.654437123617,topredict\mattandothers\s (232).jpg: 1
matt,0.564084958816,topredict\mattandothers\s (233).jpg: 0
clarke,0.687234390207,topredict\mattandothers\s (234).jpg: 0
matt,0.510197343029,topredict\mattandothers\s (234).jpg: 1
keira,0.659787567356,topredict\mattandothers\s (235).jpg: 0
matt,0.569022498807,topredict\mattandothers\s (236).jpg: 0
abdullah,0.70851059734,topredict\mattandothers\s (236).jpg: 1
matt,0.605291943519,topredict\mattandothers\s (237).jpg: 0
keira,0.68577328469,topredict\mattandothers\s (237).jpg: 1
derya,0.694340579904,topredict\mattandothers\s (238).jpg: 0
matt,0.48608027438,topredict\mattandothers\s (238).jpg: 1
clarke,0.682511775243,topredict\mattandothers\s (238).jpg: 2
matt,0.51301810097,topredict\mattandothers\s (24).jpg: 0
matt,0.593868300191,topredict\mattandothers\s (240).jpg: 0
matt,0.586343150646,topredict\mattandothers\s (241).jpg: 0
matt,0.50436625073,topredict\mattandothers\s (242).jpg: 0
natalie,0.716810491986,topredict\mattandothers\s (242).jpg: 1
matt,0.484074271335,topredict\mattandothers\s (243).jpg: 0
keira,0.644099662625,topredict\mattandothers\s (243).jpg: 1
derya,0.676075625245,topredict\mattandothers\s (243).jpg: 2
matt,0.60109872786,topredict\mattandothers\s (243).jpg: 3
abdullah,0.757134754943,topredict\mattandothers\s (244).jpg: 0
matt,0.526827370192,topredict\mattandothers\s (244).jpg: 1
matt,0.54082452977,topredict\mattandothers\s (245).jpg: 0
leo,0.612027639333,topredict\mattandothers\s (247).jpg: 0
abdullah,0.676384405694,topredict\mattandothers\s (247).jpg: 1
matt,0.66401106786,topredict\mattandothers\s (247).jpg: 2
matt,0.50163812274,topredict\mattandothers\s (248).jpg: 0
matt,0.552685554728,topredict\mattandothers\s (249).jpg: 0
clarke,0.727011072599,topredict\mattandothers\s (25).jpg: 0
leo,0.651379110977,topredict\mattandothers\s (25).jpg: 1
matt,0.500535787418,topredict\mattandothers\s (25).jpg: 2
matt,0.536146862356,topredict\mattandothers\s (250).jpg: 0
fassbender,0.698986581727,topredict\mattandothers\s (250).jpg: 1
hussam,0.738451332728,topredict\mattandothers\s (250).jpg: 2
matt,0.565314002632,topredict\mattandothers\s (251).jpg: 0
matt,0.493586773267,topredict\mattandothers\s (252).jpg: 0
matt,0.529389308038,topredict\mattandothers\s (253).jpg: 0
matt,0.729372438384,topredict\mattandothers\s (254).jpg: 0
morgan,0.636894947497,topredict\mattandothers\s (254).jpg: 1
matt,0.509859202742,topredict\mattandothers\s (254).jpg: 2
leo,0.689234935322,topredict\mattandothers\s (254).jpg: 3
matt,0.493095702941,topredict\mattandothers\s (255).jpg: 0
matt,0.498653657965,topredict\mattandothers\s (256).jpg: 0
morgan,0.750027086292,topredict\mattandothers\s (257).jpg: 0
morgan,0.682996967365,topredict\mattandothers\s (258).jpg: 0
matt,0.568230425324,topredict\mattandothers\s (258).jpg: 1
matt,0.529510253552,topredict\mattandothers\s (259).jpg: 0
matt,0.50736363476,topredict\mattandothers\s (26).jpg: 0
natalie,0.719221938516,topredict\mattandothers\s (26).jpg: 1
matt,0.53775050212,topredict\mattandothers\s (260).jpg: 0
Abdulrahman,0.761658070019,topredict\mattandothers\s (260).jpg: 1
matt,0.542650148454,topredict\mattandothers\s (261).jpg: 0
derya,0.690549235409,topredict\mattandothers\s (261).jpg: 1
matt,0.525789851303,topredict\mattandothers\s (262).jpg: 0
natalie,0.721346260564,topredict\mattandothers\s (262).jpg: 1
matt,0.691449217536,topredict\mattandothers\s (262).jpg: 2
matt,0.555578174022,topredict\mattandothers\s (263).jpg: 0
matt,0.524484278498,topredict\mattandothers\s (264).jpg: 0
keira,0.71936973022,topredict\mattandothers\s (264).jpg: 1
leo,0.80303976655,topredict\mattandothers\s (265).jpg: 0
matt,0.514751452796,topredict\mattandothers\s (265).jpg: 1
keira,0.689354509301,topredict\mattandothers\s (265).jpg: 2
clarke,0.637615094618,topredict\mattandothers\s (265).jpg: 3
matt,0.515797657217,topredict\mattandothers\s (266).jpg: 0
abdullah,0.734307068429,topredict\mattandothers\s (266).jpg: 1
matt,0.551807558903,topredict\mattandothers\s (267).jpg: 0
matt,0.532008034155,topredict\mattandothers\s (268).jpg: 0
keira,0.734109163035,topredict\mattandothers\s (268).jpg: 1
derya,0.653025439759,topredict\mattandothers\s (269).jpg: 0
matt,0.710430887151,topredict\mattandothers\s (269).jpg: 1
matt,0.578223222789,topredict\mattandothers\s (27).jpg: 0
matt,0.515564341157,topredict\mattandothers\s (270).jpg: 0
matt,0.547805688509,topredict\mattandothers\s (271).jpg: 0
leo,0.707992179607,topredict\mattandothers\s (271).jpg: 1
clarke,0.670431197272,topredict\mattandothers\s (272).jpg: 0
matt,0.560310227117,topredict\mattandothers\s (272).jpg: 1
abdullah,0.694357916817,topredict\mattandothers\s (272).jpg: 2
kit,0.685669937766,topredict\mattandothers\s (273).jpg: 0
matt,0.549997826986,topredict\mattandothers\s (273).jpg: 1
keira,0.72276227574,topredict\mattandothers\s (274).jpg: 0
matt,0.502091945981,topredict\mattandothers\s (274).jpg: 1
matt,0.539380108606,topredict\mattandothers\s (275).jpg: 0
matt,0.59538341896,topredict\mattandothers\s (276).jpg: 0
derya,0.736705443922,topredict\mattandothers\s (277).jpg: 0
matt,0.525185387541,topredict\mattandothers\s (277).jpg: 1
matt,0.535102431234,topredict\mattandothers\s (278).jpg: 0
clarke,0.677718412419,topredict\mattandothers\s (279).jpg: 0
matt,0.52705862692,topredict\mattandothers\s (279).jpg: 1
matt,0.637890097507,topredict\mattandothers\s (28).jpg: 0
derya,0.671689076931,topredict\mattandothers\s (280).jpg: 0
matt,0.518344729813,topredict\mattandothers\s (280).jpg: 1
matt,0.554462531003,topredict\mattandothers\s (281).jpg: 0
derya,0.655747971286,topredict\mattandothers\s (281).jpg: 1
derya,0.636823494711,topredict\mattandothers\s (282).jpg: 0
matt,0.492956297405,topredict\mattandothers\s (283).jpg: 0
matt,0.500008902364,topredict\mattandothers\s (284).jpg: 0
keira,0.680024781718,topredict\mattandothers\s (285).jpg: 0
matt,0.547084696222,topredict\mattandothers\s (285).jpg: 1
matt,0.632388520164,topredict\mattandothers\s (286).jpg: 0
keira,0.665455112963,topredict\mattandothers\s (286).jpg: 1
matt,0.517361519816,topredict\mattandothers\s (287).jpg: 0
clarke,0.728714454344,topredict\mattandothers\s (288).jpg: 0
matt,0.570924846465,topredict\mattandothers\s (288).jpg: 1
abdullah,0.689058153301,topredict\mattandothers\s (288).jpg: 2
Abdulrahman,0.727827991109,topredict\mattandothers\s (288).jpg: 3
matt,0.50636540486,topredict\mattandothers\s (289).jpg: 0
derya,0.802967341039,topredict\mattandothers\s (29).jpg: 0
matt,0.541624786077,topredict\mattandothers\s (29).jpg: 1
matt,0.48058631557,topredict\mattandothers\s (292).jpg: 0
abdullah,0.708502910454,topredict\mattandothers\s (292).jpg: 1
keira,0.699449494929,topredict\mattandothers\s (293).jpg: 0
matt,0.614308776198,topredict\mattandothers\s (293).jpg: 1
matt,0.481886626038,topredict\mattandothers\s (294).jpg: 0
matt,0.539827253842,topredict\mattandothers\s (295).jpg: 0
matt,0.579503734441,topredict\mattandothers\s (296).jpg: 0
matt,0.548204069748,topredict\mattandothers\s (297).jpg: 0
morgan,0.582558146045,topredict\mattandothers\s (297).jpg: 1
abdullah,0.687714197135,topredict\mattandothers\s (298).jpg: 0
matt,0.48525917564,topredict\mattandothers\s (298).jpg: 1
matt,0.585498948337,topredict\mattandothers\s (299).jpg: 0
matt,0.562770914927,topredict\mattandothers\s (30).jpg: 0
natalie,0.72870247789,topredict\mattandothers\s (300).jpg: 0
matt,0.515105851114,topredict\mattandothers\s (300).jpg: 1
matt,0.507235344387,topredict\mattandothers\s (301).jpg: 0
keira,0.72023513095,topredict\mattandothers\s (302).jpg: 0
matt,0.503247814223,topredict\mattandothers\s (302).jpg: 1
matt,0.641168560224,topredict\mattandothers\s (303).jpg: 0
matt,0.489953020962,topredict\mattandothers\s (304).jpg: 0
abdullah,0.658617483721,topredict\mattandothers\s (304).jpg: 1
abdullah,0.660290882339,topredict\mattandothers\s (304).jpg: 2
matt,0.500683963561,topredict\mattandothers\s (305).jpg: 0
abdullah,0.687544028913,topredict\mattandothers\s (306).jpg: 0
matt,0.517640523364,topredict\mattandothers\s (306).jpg: 1
matt,0.63960772969,topredict\mattandothers\s (307).jpg: 0
matt,0.61811323418,topredict\mattandothers\s (307).jpg: 1
matt,0.697346507248,topredict\mattandothers\s (308).jpg: 0
matt,0.50893129802,topredict\mattandothers\s (308).jpg: 1
matt,0.588457511194,topredict\mattandothers\s (308).jpg: 2
matt,0.58372498933,topredict\mattandothers\s (309).jpg: 0
matt,0.523190729333,topredict\mattandothers\s (31).jpg: 0
clarke,0.701024229378,topredict\mattandothers\s (31).jpg: 1
matt,0.55148980695,topredict\mattandothers\s (310).jpg: 0
matt,0.499079361727,topredict\mattandothers\s (311).jpg: 0
keira,0.713950368989,topredict\mattandothers\s (311).jpg: 1
matt,0.489201426147,topredict\mattandothers\s (312).jpg: 0
derya,0.748643649908,topredict\mattandothers\s (313).jpg: 0
matt,0.544110393658,topredict\mattandothers\s (313).jpg: 1
matt,0.516578206538,topredict\mattandothers\s (314).jpg: 0
matt,0.719892762114,topredict\mattandothers\s (314).jpg: 1
Abdulrahman,0.59417612206,topredict\mattandothers\s (314).jpg: 2
matt,0.529626357746,topredict\mattandothers\s (315).jpg: 0
natalie,0.750496307077,topredict\mattandothers\s (315).jpg: 1
keira,0.73097009844,topredict\mattandothers\s (316).jpg: 0
matt,0.515317434286,topredict\mattandothers\s (316).jpg: 1
abdullah,0.663289551473,topredict\mattandothers\s (316).jpg: 2
abdullah,0.719816148035,topredict\mattandothers\s (316).jpg: 3
keira,0.698410674425,topredict\mattandothers\s (317).jpg: 0
matt,0.594659681616,topredict\mattandothers\s (317).jpg: 1
matt,0.544745453337,topredict\mattandothers\s (318).jpg: 0
keira,0.788377372442,topredict\mattandothers\s (319).jpg: 0
fassbender,0.708287118544,topredict\mattandothers\s (319).jpg: 1
matt,0.536355883536,topredict\mattandothers\s (32).jpg: 0
derya,0.703382659012,topredict\mattandothers\s (32).jpg: 1
morgan,0.641308104089,topredict\mattandothers\s (320).jpg: 0
matt,0.626522710362,topredict\mattandothers\s (320).jpg: 1
matt,0.532263933207,topredict\mattandothers\s (321).jpg: 0
abdullah,0.723547421345,topredict\mattandothers\s (322).jpg: 0
matt,0.533095224455,topredict\mattandothers\s (322).jpg: 1
keira,0.73325367304,topredict\mattandothers\s (323).jpg: 0
matt,0.523880732851,topredict\mattandothers\s (323).jpg: 1
natalie,0.756170873213,topredict\mattandothers\s (324).jpg: 0
matt,0.505789055433,topredict\mattandothers\s (324).jpg: 1
matt,0.678204434944,topredict\mattandothers\s (325).jpg: 0
clarke,0.732481252018,topredict\mattandothers\s (326).jpg: 0
matt,0.508676730193,topredict\mattandothers\s (326).jpg: 1
matt,0.4982349908,topredict\mattandothers\s (327).jpg: 0
matt,0.551341893341,topredict\mattandothers\s (328).jpg: 0
matt,0.513081889589,topredict\mattandothers\s (329).jpg: 0
natalie,0.728966674339,topredict\mattandothers\s (329).jpg: 1
matt,0.526817682267,topredict\mattandothers\s (33).jpg: 0
matt,0.597193468056,topredict\mattandothers\s (330).jpg: 0
matt,0.528947737411,topredict\mattandothers\s (331).jpg: 0
natalie,0.748150290579,topredict\mattandothers\s (331).jpg: 1
leo,0.713850691994,topredict\mattandothers\s (331).jpg: 2
keira,0.781002348316,topredict\mattandothers\s (331).jpg: 3
matt,0.648047473775,topredict\mattandothers\s (332).jpg: 0
matt,0.560779789692,topredict\mattandothers\s (332).jpg: 1
keira,0.561556551956,topredict\mattandothers\s (332).jpg: 2
leo,0.736028395156,topredict\mattandothers\s (332).jpg: 3
matt,0.486295732259,topredict\mattandothers\s (333).jpg: 0
natalie,0.698821495399,topredict\mattandothers\s (333).jpg: 1
matt,0.517851215946,topredict\mattandothers\s (334).jpg: 0
matt,0.703534772967,topredict\mattandothers\s (334).jpg: 1
derya,0.669993500276,topredict\mattandothers\s (334).jpg: 2
matt,0.608280065481,topredict\mattandothers\s (336).jpg: 0
abdullah,0.706198794895,topredict\mattandothers\s (337).jpg: 0
matt,0.494125997845,topredict\mattandothers\s (337).jpg: 1
matt,0.561480574497,topredict\mattandothers\s (338).jpg: 0
morgan,0.451389266081,topredict\mattandothers\s (338).jpg: 1
derya,0.655127343093,topredict\mattandothers\s (338).jpg: 2
matt,0.526108039197,topredict\mattandothers\s (34).jpg: 0
abdullah,0.694944172922,topredict\mattandothers\s (34).jpg: 1
matt,0.550899455132,topredict\mattandothers\s (340).jpg: 0
keira,0.726305958175,topredict\mattandothers\s (341).jpg: 0
matt,0.507494049206,topredict\mattandothers\s (341).jpg: 1
matt,0.716398739789,topredict\mattandothers\s (342).jpg: 0
matt,0.749520281307,topredict\mattandothers\s (342).jpg: 1
matt,0.509957886912,topredict\mattandothers\s (342).jpg: 2
matt,0.526306586912,topredict\mattandothers\s (343).jpg: 0
morgan,0.709986491696,topredict\mattandothers\s (344).jpg: 0
matt,0.492843969405,topredict\mattandothers\s (344).jpg: 1
leo,0.783928705893,topredict\mattandothers\s (344).jpg: 2
morgan,0.648041220854,topredict\mattandothers\s (345).jpg: 0
abdullah,0.67844505707,topredict\mattandothers\s (345).jpg: 1
matt,0.583382012146,topredict\mattandothers\s (346).jpg: 0
Brody,0.721776227621,topredict\mattandothers\s (347).jpg: 0
matt,0.496855117675,topredict\mattandothers\s (347).jpg: 1
matt,0.509384275314,topredict\mattandothers\s (348).jpg: 0
matt,0.538638230823,topredict\mattandothers\s (349).jpg: 0
matt,0.553315464184,topredict\mattandothers\s (35).jpg: 0
matt,0.50456550021,topredict\mattandothers\s (350).jpg: 0
natalie,0.714531113222,topredict\mattandothers\s (350).jpg: 1
matt,0.544061749861,topredict\mattandothers\s (351).jpg: 0
morgan,0.691538420696,topredict\mattandothers\s (352).jpg: 0
matt,0.543550335361,topredict\mattandothers\s (354).jpg: 0
matt,0.477794966774,topredict\mattandothers\s (355).jpg: 0
abdullah,0.741732407382,topredict\mattandothers\s (355).jpg: 1
keira,0.653127379072,topredict\mattandothers\s (355).jpg: 2
derya,0.735160563371,topredict\mattandothers\s (356).jpg: 0
matt,0.521608610838,topredict\mattandothers\s (356).jpg: 1
derya,0.617907250946,topredict\mattandothers\s (356).jpg: 2
matt,0.592153708886,topredict\mattandothers\s (357).jpg: 0
keira,0.66365671371,topredict\mattandothers\s (358).jpg: 0
matt,0.494165535499,topredict\mattandothers\s (358).jpg: 1
keira,0.696345594882,topredict\mattandothers\s (359).jpg: 0
matt,0.517755206246,topredict\mattandothers\s (359).jpg: 1
matt,0.508576437132,topredict\mattandothers\s (36).jpg: 0
leo,0.645234639981,topredict\mattandothers\s (36).jpg: 1
hussam,0.756341158212,topredict\mattandothers\s (36).jpg: 2
matt,0.556429293011,topredict\mattandothers\s (360).jpg: 0
keira,0.713176430785,topredict\mattandothers\s (360).jpg: 1
matt,0.563366886552,topredict\mattandothers\s (361).jpg: 0
matt,0.51484694608,topredict\mattandothers\s (362).jpg: 0
natalie,0.703517107432,topredict\mattandothers\s (363).jpg: 0
matt,0.529602653194,topredict\mattandothers\s (363).jpg: 1
matt,0.538125230775,topredict\mattandothers\s (364).jpg: 0
keira,0.78870770398,topredict\mattandothers\s (364).jpg: 1
matt,0.604560450741,topredict\mattandothers\s (364).jpg: 2
matt,0.509183805184,topredict\mattandothers\s (365).jpg: 0
matt,0.544699420418,topredict\mattandothers\s (366).jpg: 0
natalie,0.68669228088,topredict\mattandothers\s (367).jpg: 0
matt,0.523670977761,topredict\mattandothers\s (367).jpg: 1
natalie,0.68669228088,topredict\mattandothers\s (368).jpg: 0
matt,0.523670977761,topredict\mattandothers\s (368).jpg: 1
matt,0.502202781441,topredict\mattandothers\s (369).jpg: 0
matt,0.505643363487,topredict\mattandothers\s (37).jpg: 0
morgan,0.645301057125,topredict\mattandothers\s (370).jpg: 0
fassbender,0.601118498614,topredict\mattandothers\s (370).jpg: 1
derya,0.723525892814,topredict\mattandothers\s (371).jpg: 0
matt,0.519916316208,topredict\mattandothers\s (371).jpg: 1
matt,0.537228191762,topredict\mattandothers\s (372).jpg: 0
matt,0.710777983092,topredict\mattandothers\s (373).jpg: 0
matt,0.548951405711,topredict\mattandothers\s (373).jpg: 1
matt,0.574545491143,topredict\mattandothers\s (374).jpg: 0
derya,0.694621832171,topredict\mattandothers\s (375).jpg: 0
matt,0.53772833952,topredict\mattandothers\s (375).jpg: 1
matt,0.553548994175,topredict\mattandothers\s (376).jpg: 0
keira,0.793250319253,topredict\mattandothers\s (376).jpg: 1
matt,0.486308916721,topredict\mattandothers\s (377).jpg: 0
matt,0.604714510673,topredict\mattandothers\s (378).jpg: 0
morgan,0.736869553954,topredict\mattandothers\s (378).jpg: 1
matt,0.54646379397,topredict\mattandothers\s (379).jpg: 0
keira,0.748729129442,topredict\mattandothers\s (379).jpg: 1
matt,0.659806971504,topredict\mattandothers\s (38).jpg: 0
fassbender,0.654438165043,topredict\mattandothers\s (380).jpg: 0
matt,0.512373911732,topredict\mattandothers\s (381).jpg: 0
matt,0.533796928752,topredict\mattandothers\s (382).jpg: 0
matt,0.541562758043,topredict\mattandothers\s (384).jpg: 0
natalie,0.628607610528,topredict\mattandothers\s (385).jpg: 0
matt,0.542090457658,topredict\mattandothers\s (386).jpg: 0
matt,0.511486241759,topredict\mattandothers\s (387).jpg: 0
hussam,0.718235024871,topredict\mattandothers\s (387).jpg: 1
leo,0.710592314093,topredict\mattandothers\s (388).jpg: 0
derya,0.724752681552,topredict\mattandothers\s (388).jpg: 1
matt,0.532078125879,topredict\mattandothers\s (388).jpg: 2
keira,0.71886982568,topredict\mattandothers\s (388).jpg: 3
kit,0.625574875735,topredict\mattandothers\s (389).jpg: 0
matt,0.530675642778,topredict\mattandothers\s (389).jpg: 1
natalie,0.698398312438,topredict\mattandothers\s (39).jpg: 0
matt,0.515663518943,topredict\mattandothers\s (39).jpg: 1
matt,0.53290267676,topredict\mattandothers\s (390).jpg: 0
matt,0.604470344542,topredict\mattandothers\s (391).jpg: 0
matt,0.521032507403,topredict\mattandothers\s (392).jpg: 0
keira,0.684267530903,topredict\mattandothers\s (394).jpg: 0
matt,0.522047868453,topredict\mattandothers\s (395).jpg: 0
matt,0.526495588078,topredict\mattandothers\s (396).jpg: 0
hussam,0.706125433746,topredict\mattandothers\s (396).jpg: 1
keira,0.700087320076,topredict\mattandothers\s (396).jpg: 2
matt,0.525601307191,topredict\mattandothers\s (397).jpg: 0
matt,0.521846565875,topredict\mattandothers\s (398).jpg: 0
matt,0.527556097863,topredict\mattandothers\s (399).jpg: 0
matt,0.480159042639,topredict\mattandothers\s (4).jpg: 0
clarke,0.710405535183,topredict\mattandothers\s (4).jpg: 1
matt,0.524811256885,topredict\mattandothers\s (40).jpg: 0
keira,0.663196435698,topredict\mattandothers\s (40).jpg: 1
matt,0.537743115555,topredict\mattandothers\s (400).jpg: 0
Abdulrahman,0.729036829469,topredict\mattandothers\s (400).jpg: 1
keira,0.719581419719,topredict\mattandothers\s (400).jpg: 2
keira,0.630217633827,topredict\mattandothers\s (400).jpg: 3
abdullah,0.67142414576,topredict\mattandothers\s (401).jpg: 0
matt,0.541830028255,topredict\mattandothers\s (402).jpg: 0
matt,0.530340216214,topredict\mattandothers\s (403).jpg: 0
matt,0.505409609152,topredict\mattandothers\s (404).jpg: 0
clarke,0.716848133119,topredict\mattandothers\s (404).jpg: 1
abdullah,0.666990993423,topredict\mattandothers\s (405).jpg: 0
matt,0.508686317592,topredict\mattandothers\s (405).jpg: 1
abdullah,0.755037848783,topredict\mattandothers\s (406).jpg: 0
matt,0.472886304219,topredict\mattandothers\s (406).jpg: 1
derya,0.693650381003,topredict\mattandothers\s (408).jpg: 0
matt,0.537151566801,topredict\mattandothers\s (408).jpg: 1
Brody,0.578063416668,topredict\mattandothers\s (409).jpg: 0
matt,0.502994436046,topredict\mattandothers\s (41).jpg: 0
clarke,0.69614781466,topredict\mattandothers\s (41).jpg: 1
abdullah,0.718113600431,topredict\mattandothers\s (410).jpg: 0
matt,0.51448948276,topredict\mattandothers\s (410).jpg: 1
matt,0.553999395769,topredict\mattandothers\s (411).jpg: 0
leo,0.73464302584,topredict\mattandothers\s (411).jpg: 1
derya,0.740835485019,topredict\mattandothers\s (411).jpg: 2
derya,0.74458111788,topredict\mattandothers\s (411).jpg: 3
matt,0.690832445209,topredict\mattandothers\s (411).jpg: 4
matt,0.501803754517,topredict\mattandothers\s (412).jpg: 0
matt,0.624350388024,topredict\mattandothers\s (413).jpg: 0
matt,0.50396363303,topredict\mattandothers\s (414).jpg: 0
matt,0.634949370649,topredict\mattandothers\s (415).jpg: 0
matt,0.502235639827,topredict\mattandothers\s (416).jpg: 0
matt,0.667860856154,topredict\mattandothers\s (416).jpg: 1
matt,0.48919720874,topredict\mattandothers\s (417).jpg: 0
matt,0.518736628646,topredict\mattandothers\s (418).jpg: 0
keira,0.760872739612,topredict\mattandothers\s (418).jpg: 1
matt,0.505660383388,topredict\mattandothers\s (419).jpg: 0
matt,0.553040327168,topredict\mattandothers\s (42).jpg: 0
fassbender,0.745922482697,topredict\mattandothers\s (420).jpg: 0
matt,0.546164028959,topredict\mattandothers\s (420).jpg: 1
matt,0.567909014965,topredict\mattandothers\s (422).jpg: 0
matt,0.510460754199,topredict\mattandothers\s (423).jpg: 0
matt,0.573858936028,topredict\mattandothers\s (424).jpg: 0
matt,0.486873355039,topredict\mattandothers\s (425).jpg: 0
matt,0.513869176276,topredict\mattandothers\s (426).jpg: 0
matt,0.515773758865,topredict\mattandothers\s (427).jpg: 0
matt,0.506562482626,topredict\mattandothers\s (428).jpg: 0
matt,0.581056462426,topredict\mattandothers\s (429).jpg: 0
matt,0.481799488203,topredict\mattandothers\s (43).jpg: 0
derya,0.65984772227,topredict\mattandothers\s (430).jpg: 0
matt,0.516221218118,topredict\mattandothers\s (431).jpg: 0
matt,0.512311631347,topredict\mattandothers\s (432).jpg: 0
keira,0.733284330401,topredict\mattandothers\s (433).jpg: 0
Brody,0.66685064064,topredict\mattandothers\s (433).jpg: 1
matt,0.524057862179,topredict\mattandothers\s (433).jpg: 2
matt,0.686485515809,topredict\mattandothers\s (433).jpg: 3
matt,0.531581780248,topredict\mattandothers\s (434).jpg: 0
matt,0.496595732021,topredict\mattandothers\s (435).jpg: 0
keira,0.710916400604,topredict\mattandothers\s (435).jpg: 1
matt,0.54990442328,topredict\mattandothers\s (436).jpg: 0
kit,0.736206982404,topredict\mattandothers\s (439).jpg: 0
matt,0.490601288028,topredict\mattandothers\s (439).jpg: 1
keira,0.674752847516,topredict\mattandothers\s (44).jpg: 0
matt,0.568087050508,topredict\mattandothers\s (440).jpg: 0
matt,0.562248095876,topredict\mattandothers\s (441).jpg: 0
matt,0.538443643384,topredict\mattandothers\s (442).jpg: 0
hussam,0.676963054151,topredict\mattandothers\s (443).jpg: 0
matt,0.477119417064,topredict\mattandothers\s (443).jpg: 1
matt,0.696772099969,topredict\mattandothers\s (444).jpg: 0
matt,0.502752316263,topredict\mattandothers\s (445).jpg: 0
matt,0.522193641162,topredict\mattandothers\s (446).jpg: 0
matt,0.484851293663,topredict\mattandothers\s (448).jpg: 0
matt,0.548241300246,topredict\mattandothers\s (449).jpg: 0
matt,0.67042599093,topredict\mattandothers\s (45).jpg: 0
hussam,0.666553590557,topredict\mattandothers\s (45).jpg: 1
leo,0.64081046089,topredict\mattandothers\s (45).jpg: 2
matt,0.558387955548,topredict\mattandothers\s (450).jpg: 0
keira,0.704336164525,topredict\mattandothers\s (450).jpg: 1
clarke,0.672771206114,topredict\mattandothers\s (451).jpg: 0
keira,0.746954509093,topredict\mattandothers\s (452).jpg: 0
matt,0.556182038609,topredict\mattandothers\s (452).jpg: 1
matt,0.498461328424,topredict\mattandothers\s (454).jpg: 0
matt,0.493729309665,topredict\mattandothers\s (455).jpg: 0
matt,0.622540193583,topredict\mattandothers\s (457).jpg: 0
matt,0.638063399273,topredict\mattandothers\s (458).jpg: 0
matt,0.575091592887,topredict\mattandothers\s (459).jpg: 0
matt,0.519936736162,topredict\mattandothers\s (46).jpg: 0
matt,0.486730193628,topredict\mattandothers\s (460).jpg: 0
leo,0.750101400054,topredict\mattandothers\s (460).jpg: 1
matt,0.552061527947,topredict\mattandothers\s (461).jpg: 0
abdullah,0.676191692103,topredict\mattandothers\s (462).jpg: 0
hussam,0.696191141732,topredict\mattandothers\s (462).jpg: 1
matt,0.535086455389,topredict\mattandothers\s (462).jpg: 2
matt,0.51790879811,topredict\mattandothers\s (463).jpg: 0
matt,0.520767458737,topredict\mattandothers\s (464).jpg: 0
abdullah,0.668463257502,topredict\mattandothers\s (464).jpg: 1
natalie,0.784292258499,topredict\mattandothers\s (465).jpg: 0
matt,0.523672210224,topredict\mattandothers\s (465).jpg: 1
fassbender,0.679547909985,topredict\mattandothers\s (465).jpg: 2
abdullah,0.723707885847,topredict\mattandothers\s (466).jpg: 0
matt,0.501950798082,topredict\mattandothers\s (466).jpg: 1
keira,0.723959181935,topredict\mattandothers\s (467).jpg: 0
matt,0.510548963618,topredict\mattandothers\s (467).jpg: 1
clarke,0.69576238507,topredict\mattandothers\s (468).jpg: 0
matt,0.535022382557,topredict\mattandothers\s (468).jpg: 1
matt,0.511379681079,topredict\mattandothers\s (469).jpg: 0
matt,0.543913395497,topredict\mattandothers\s (47).jpg: 0
matt,0.514096067716,topredict\mattandothers\s (470).jpg: 0
matt,0.487346143671,topredict\mattandothers\s (471).jpg: 0
keira,0.669923491451,topredict\mattandothers\s (471).jpg: 1
abdullah,0.70852358119,topredict\mattandothers\s (472).jpg: 0
matt,0.522298061332,topredict\mattandothers\s (472).jpg: 1
matt,0.552224444243,topredict\mattandothers\s (473).jpg: 0
matt,0.558929256659,topredict\mattandothers\s (474).jpg: 0
leo,0.706576465268,topredict\mattandothers\s (474).jpg: 1
derya,0.752639068402,topredict\mattandothers\s (474).jpg: 2
matt,0.474739888658,topredict\mattandothers\s (475).jpg: 0
matt,0.659487105134,topredict\mattandothers\s (476).jpg: 0
matt,0.576579246083,topredict\mattandothers\s (477).jpg: 0
matt,0.495923526204,topredict\mattandothers\s (478).jpg: 0
matt,0.514218089994,topredict\mattandothers\s (479).jpg: 0
natalie,0.73729071747,topredict\mattandothers\s (479).jpg: 1
matt,0.513539255424,topredict\mattandothers\s (48).jpg: 0
abdullah,0.761411842472,topredict\mattandothers\s (48).jpg: 1
keira,0.662736076036,topredict\mattandothers\s (48).jpg: 2
matt,0.512917372218,topredict\mattandothers\s (480).jpg: 0
matt,0.57481755026,topredict\mattandothers\s (481).jpg: 0
abdullah,0.632965220727,topredict\mattandothers\s (481).jpg: 1
matt,0.64531945654,topredict\mattandothers\s (482).jpg: 0
matt,0.522980346261,topredict\mattandothers\s (483).jpg: 0
abdullah,0.711465607746,topredict\mattandothers\s (483).jpg: 1
matt,0.546738956065,topredict\mattandothers\s (485).jpg: 0
clarke,0.68305343937,topredict\mattandothers\s (485).jpg: 1
matt,0.531490469864,topredict\mattandothers\s (486).jpg: 0
natalie,0.648997229202,topredict\mattandothers\s (486).jpg: 1
keira,0.782965695036,topredict\mattandothers\s (487).jpg: 0
matt,0.5505351999,topredict\mattandothers\s (487).jpg: 1
Abdulrahman,0.698164502579,topredict\mattandothers\s (488).jpg: 0
matt,0.536846198459,topredict\mattandothers\s (488).jpg: 1
clarke,0.761600034242,topredict\mattandothers\s (489).jpg: 0
matt,0.501317681172,topredict\mattandothers\s (489).jpg: 1
matt,0.54723947065,topredict\mattandothers\s (49).jpg: 0
matt,0.538604075969,topredict\mattandothers\s (490).jpg: 0
keira,0.621032224269,topredict\mattandothers\s (491).jpg: 0
matt,0.578679677491,topredict\mattandothers\s (491).jpg: 1
matt,0.507473740523,topredict\mattandothers\s (492).jpg: 0
matt,0.568644590198,topredict\mattandothers\s (493).jpg: 0
keira,0.634937886165,topredict\mattandothers\s (493).jpg: 1
keira,0.717475757886,topredict\mattandothers\s (495).jpg: 0
matt,0.512977570423,topredict\mattandothers\s (495).jpg: 1
Abdulrahman,0.68556027939,topredict\mattandothers\s (496).jpg: 0
matt,0.547679146781,topredict\mattandothers\s (496).jpg: 1
Abdulrahman,0.653162456572,topredict\mattandothers\s (496).jpg: 2
matt,0.51970518666,topredict\mattandothers\s (497).jpg: 0
clarke,0.695176793216,topredict\mattandothers\s (498).jpg: 0
matt,0.51015298597,topredict\mattandothers\s (498).jpg: 1
matt,0.515341611652,topredict\mattandothers\s (499).jpg: 0
matt,0.61861926316,topredict\mattandothers\s (499).jpg: 1
matt,0.655924151723,topredict\mattandothers\s (499).jpg: 2
clarke,0.736226956415,topredict\mattandothers\s (5).jpg: 0
matt,0.552959742781,topredict\mattandothers\s (5).jpg: 1
matt,0.507233484519,topredict\mattandothers\s (50).jpg: 0
matt,0.694092642069,topredict\mattandothers\s (50).jpg: 1
matt,0.514978528999,topredict\mattandothers\s (500).jpg: 0
matt,0.531516601534,topredict\mattandothers\s (501).jpg: 0
matt,0.584139151624,topredict\mattandothers\s (502).jpg: 0
matt,0.513275744287,topredict\mattandothers\s (503).jpg: 0
abdullah,0.677035670889,topredict\mattandothers\s (503).jpg: 1
matt,0.523582517798,topredict\mattandothers\s (504).jpg: 0
matt,0.51250138011,topredict\mattandothers\s (505).jpg: 0
Abdulrahman,0.623823044022,topredict\mattandothers\s (505).jpg: 1
matt,0.472196298714,topredict\mattandothers\s (506).jpg: 0
matt,0.696009708154,topredict\mattandothers\s (506).jpg: 1
keira,0.686825055422,topredict\mattandothers\s (507).jpg: 0
matt,0.613188339247,topredict\mattandothers\s (507).jpg: 1
matt,0.54983298474,topredict\mattandothers\s (508).jpg: 0
matt,0.560410242216,topredict\mattandothers\s (51).jpg: 0
matt,0.513417340879,topredict\mattandothers\s (511).jpg: 0
matt,0.531705537444,topredict\mattandothers\s (512).jpg: 0
matt,0.516840341456,topredict\mattandothers\s (513).jpg: 0
derya,0.744510005751,topredict\mattandothers\s (513).jpg: 1
matt,0.544021669196,topredict\mattandothers\s (514).jpg: 0
matt,0.495325816854,topredict\mattandothers\s (515).jpg: 0
leo,0.68358119321,topredict\mattandothers\s (516).jpg: 0
matt,0.503617622769,topredict\mattandothers\s (516).jpg: 1
matt,0.584446279313,topredict\mattandothers\s (517).jpg: 0
abdullah,0.689891335598,topredict\mattandothers\s (518).jpg: 0
matt,0.512430186784,topredict\mattandothers\s (519).jpg: 0
keira,0.707401636121,topredict\mattandothers\s (519).jpg: 1
matt,0.477824185569,topredict\mattandothers\s (520).jpg: 0
matt,0.519419774822,topredict\mattandothers\s (521).jpg: 0
matt,0.510068088471,topredict\mattandothers\s (522).jpg: 0
natalie,0.738840098642,topredict\mattandothers\s (523).jpg: 0
matt,0.499128838005,topredict\mattandothers\s (523).jpg: 1
matt,0.478511873209,topredict\mattandothers\s (524).jpg: 0
matt,0.723223812869,topredict\mattandothers\s (524).jpg: 1
matt,0.495682861426,topredict\mattandothers\s (525).jpg: 0
matt,0.516789001934,topredict\mattandothers\s (526).jpg: 0
matt,0.540737342881,topredict\mattandothers\s (527).jpg: 0
matt,0.738920459448,topredict\mattandothers\s (528).jpg: 0
matt,0.522203035557,topredict\mattandothers\s (528).jpg: 1
matt,0.509985192638,topredict\mattandothers\s (529).jpg: 0
natalie,0.695042844944,topredict\mattandothers\s (53).jpg: 0
matt,0.511933191567,topredict\mattandothers\s (53).jpg: 1
matt,0.554544822007,topredict\mattandothers\s (530).jpg: 0
fassbender,0.73208917193,topredict\mattandothers\s (530).jpg: 1
matt,0.501714766065,topredict\mattandothers\s (531).jpg: 0
matt,0.524306685111,topredict\mattandothers\s (532).jpg: 0
matt,0.503324210257,topredict\mattandothers\s (533).jpg: 0
matt,0.515932903258,topredict\mattandothers\s (534).jpg: 0
hussam,0.709037313523,topredict\mattandothers\s (534).jpg: 1
matt,0.502787166547,topredict\mattandothers\s (535).jpg: 0
matt,0.577579856678,topredict\mattandothers\s (536).jpg: 0
matt,0.479568263071,topredict\mattandothers\s (537).jpg: 0
matt,0.521191748712,topredict\mattandothers\s (538).jpg: 0
derya,0.659766973637,topredict\mattandothers\s (539).jpg: 0
matt,0.520574579251,topredict\mattandothers\s (539).jpg: 1
natalie,0.730623687162,topredict\mattandothers\s (539).jpg: 2
matt,0.672397571072,topredict\mattandothers\s (54).jpg: 0
matt,0.532155541141,topredict\mattandothers\s (540).jpg: 0
matt,0.482163774949,topredict\mattandothers\s (541).jpg: 0
matt,0.58513630865,topredict\mattandothers\s (542).jpg: 0
matt,0.551588296902,topredict\mattandothers\s (543).jpg: 0
matt,0.508315501217,topredict\mattandothers\s (544).jpg: 0
matt,0.6444285978,topredict\mattandothers\s (544).jpg: 1
matt,0.638294147905,topredict\mattandothers\s (544).jpg: 2
matt,0.572638843442,topredict\mattandothers\s (545).jpg: 0
matt,0.531339609741,topredict\mattandothers\s (546).jpg: 0
matt,0.493772689248,topredict\mattandothers\s (547).jpg: 0
keira,0.697230446141,topredict\mattandothers\s (547).jpg: 1
morgan,0.777823793762,topredict\mattandothers\s (547).jpg: 2
keira,0.679274464603,topredict\mattandothers\s (547).jpg: 3
matt,0.582594234689,topredict\mattandothers\s (548).jpg: 0
matt,0.508117073965,topredict\mattandothers\s (549).jpg: 0
matt,0.522949049322,topredict\mattandothers\s (55).jpg: 0
matt,0.533233049467,topredict\mattandothers\s (550).jpg: 0
abdullah,0.70015734462,topredict\mattandothers\s (551).jpg: 0
matt,0.513159236714,topredict\mattandothers\s (551).jpg: 1
fassbender,0.714960849305,topredict\mattandothers\s (551).jpg: 2
matt,0.536651477721,topredict\mattandothers\s (552).jpg: 0
clarke,0.738362675971,topredict\mattandothers\s (552).jpg: 1
matt,0.515098692974,topredict\mattandothers\s (553).jpg: 0
matt,0.524828198834,topredict\mattandothers\s (56).jpg: 0
matt,0.516995636324,topredict\mattandothers\s (57).jpg: 0
matt,0.503341500005,topredict\mattandothers\s (58).jpg: 0
keira,0.640561566189,topredict\mattandothers\s (59).jpg: 0
matt,0.48359669134,topredict\mattandothers\s (59).jpg: 1
matt,0.497388142653,topredict\mattandothers\s (6).jpg: 0
matt,0.504275755907,topredict\mattandothers\s (61).jpg: 0
matt,0.516498662091,topredict\mattandothers\s (62).jpg: 0
kit,0.648978250923,topredict\mattandothers\s (64).jpg: 0
matt,0.549277504183,topredict\mattandothers\s (65).jpg: 0
matt,0.509229934049,topredict\mattandothers\s (66).jpg: 0
abdullah,0.708652889399,topredict\mattandothers\s (66).jpg: 1
matt,0.49764403824,topredict\mattandothers\s (67).jpg: 0
matt,0.514016364352,topredict\mattandothers\s (69).jpg: 0
matt,0.52509846237,topredict\mattandothers\s (7).jpg: 0
matt,0.530751364772,topredict\mattandothers\s (70).jpg: 0
keira,0.677825515477,topredict\mattandothers\s (71).jpg: 0
matt,0.512142564023,topredict\mattandothers\s (71).jpg: 1
matt,0.609831718045,topredict\mattandothers\s (72).jpg: 0
matt,0.68233640187,topredict\mattandothers\s (72).jpg: 1
matt,0.732131216371,topredict\mattandothers\s (75).jpg: 0
abdullah,0.715405857252,topredict\mattandothers\s (75).jpg: 1
matt,0.478879789636,topredict\mattandothers\s (75).jpg: 2
matt,0.542171858007,topredict\mattandothers\s (76).jpg: 0
natalie,0.619209679539,topredict\mattandothers\s (76).jpg: 1
derya,0.623124936586,topredict\mattandothers\s (77).jpg: 0
matt,0.523748037733,topredict\mattandothers\s (77).jpg: 1
derya,0.623124936586,topredict\mattandothers\s (78).jpg: 0
matt,0.523748037733,topredict\mattandothers\s (78).jpg: 1
matt,0.539315380223,topredict\mattandothers\s (79).jpg: 0
keira,0.625428186151,topredict\mattandothers\s (8).jpg: 0
matt,0.525451595074,topredict\mattandothers\s (8).jpg: 1
matt,0.491314147132,topredict\mattandothers\s (80).jpg: 0
matt,0.584312965297,topredict\mattandothers\s (81).jpg: 0
keira,0.622342903504,topredict\mattandothers\s (81).jpg: 1
matt,0.475066923793,topredict\mattandothers\s (82).jpg: 0
clarke,0.677921042323,topredict\mattandothers\s (82).jpg: 1
matt,0.509852340794,topredict\mattandothers\s (83).jpg: 0
natalie,0.727621384907,topredict\mattandothers\s (84).jpg: 0
matt,0.514684654709,topredict\mattandothers\s (84).jpg: 1
abdullah,0.698728689662,topredict\mattandothers\s (85).jpg: 0
matt,0.495784377284,topredict\mattandothers\s (85).jpg: 1
matt,0.553186736882,topredict\mattandothers\s (86).jpg: 0
keira,0.676915912868,topredict\mattandothers\s (86).jpg: 1
matt,0.507924255446,topredict\mattandothers\s (87).jpg: 0
natalie,0.742524173124,topredict\mattandothers\s (88).jpg: 0
matt,0.487818350395,topredict\mattandothers\s (88).jpg: 1
fassbender,0.744294034064,topredict\mattandothers\s (88).jpg: 2
derya,0.670576734463,topredict\mattandothers\s (88).jpg: 3
Abdulrahman,0.585951334654,topredict\mattandothers\s (88).jpg: 4
abdullah,0.632274397253,topredict\mattandothers\s (89).jpg: 0
derya,0.708671799243,topredict\mattandothers\s (89).jpg: 1
matt,0.545036764586,topredict\mattandothers\s (9).jpg: 0
matt,0.479639665163,topredict\mattandothers\s (90).jpg: 0
matt,0.530588773979,topredict\mattandothers\s (92).jpg: 0
matt,0.497260996467,topredict\mattandothers\s (93).jpg: 0
natalie,0.740232092185,topredict\mattandothers\s (94).jpg: 0
matt,0.521032679236,topredict\mattandothers\s (94).jpg: 1
matt,0.52312824487,topredict\mattandothers\s (95).jpg: 0
clarke,0.729595290317,topredict\mattandothers\s (95).jpg: 1
leo,0.660494131393,topredict\mattandothers\s (95).jpg: 2
morgan,0.628675864938,topredict\mattandothers\s (95).jpg: 3
derya,0.665736627318,topredict\mattandothers\s (96).jpg: 0
matt,0.557864526016,topredict\mattandothers\s (96).jpg: 1
keira,0.678184967336,topredict\mattandothers\s (97).jpg: 0
keira,0.686730539698,topredict\mattandothers\s (97).jpg: 1
matt,0.560766704201,topredict\mattandothers\s (99).jpg: 0
matt,0.759346765298,topredict\mattandothers\s (99).jpg: 1
