matt,0.524269706269,topredict\matt\matt (1).jpg: 0
matt,0.542303152112,topredict\matt\matt (10).jpg: 0
matt,0.535217536711,topredict\matt\matt (100).jpg: 0
matt,0.526023506914,topredict\matt\matt (101).jpg: 0
matt,0.548927237253,topredict\matt\matt (102).jpg: 0
Brody,0.529766812434,topredict\matt\matt (103).jpg: 0
matt,0.525349200138,topredict\matt\matt (104).jpg: 0
matt,0.514950316643,topredict\matt\matt (105).jpg: 0
matt,0.530985503456,topredict\matt\matt (106).jpg: 0
matt,0.508803440831,topredict\matt\matt (107).jpg: 0
matt,0.501712960061,topredict\matt\matt (108).jpg: 0
matt,0.513185955762,topredict\matt\matt (109).jpg: 0
matt,0.5248249023,topredict\matt\matt (11).jpg: 0
matt,0.533742796485,topredict\matt\matt (110).jpg: 0
matt,0.585505788306,topredict\matt\matt (111).jpg: 0
matt,0.51414541786,topredict\matt\matt (112).jpg: 0
matt,0.502109143485,topredict\matt\matt (113).jpg: 0
matt,0.549461949105,topredict\matt\matt (114).jpg: 0
matt,0.537400734352,topredict\matt\matt (115).jpg: 0
matt,0.476437262623,topredict\matt\matt (116).jpg: 0
matt,0.497235798577,topredict\matt\matt (117).jpg: 0
matt,0.500862979546,topredict\matt\matt (118).jpg: 0
matt,0.502748949199,topredict\matt\matt (119).jpg: 0
matt,0.503620941486,topredict\matt\matt (12).jpg: 0
matt,0.508608742759,topredict\matt\matt (120).jpg: 0
matt,0.558185888987,topredict\matt\matt (121).jpg: 0
matt,0.500837608725,topredict\matt\matt (122).jpg: 0
matt,0.558214544208,topredict\matt\matt (123).jpg: 0
matt,0.522182974057,topredict\matt\matt (124).jpg: 0
matt,0.485425023624,topredict\matt\matt (125).jpg: 0
matt,0.493000201115,topredict\matt\matt (127).jpg: 0
matt,0.522315240796,topredict\matt\matt (128).jpg: 0
matt,0.486486462785,topredict\matt\matt (129).jpg: 0
Brody,0.54044731898,topredict\matt\matt (13).jpg: 0
matt,0.504527225873,topredict\matt\matt (130).jpg: 0
matt,0.525530497585,topredict\matt\matt (131).jpg: 0
matt,0.552289145329,topredict\matt\matt (132).jpg: 0
matt,0.556770267867,topredict\matt\matt (134).jpg: 0
matt,0.501333072468,topredict\matt\matt (136).jpg: 0
matt,0.523782023242,topredict\matt\matt (137).jpg: 0
matt,0.470818732211,topredict\matt\matt (138).jpg: 0
matt,0.57269692014,topredict\matt\matt (139).jpg: 0
matt,0.483546963388,topredict\matt\matt (14).jpg: 0
matt,0.496033826575,topredict\matt\matt (140).jpg: 0
matt,0.564588026351,topredict\matt\matt (141).jpg: 0
matt,0.489750076714,topredict\matt\matt (142).jpg: 0
matt,0.53733282342,topredict\matt\matt (143).jpg: 0
matt,0.520446009241,topredict\matt\matt (144).jpg: 0
matt,0.484500187071,topredict\matt\matt (145).jpg: 0
Brody,0.570711211623,topredict\matt\matt (146).jpg: 0
matt,0.511674500162,topredict\matt\matt (147).jpg: 0
matt,0.535236311964,topredict\matt\matt (149).jpg: 0
matt,0.502420146238,topredict\matt\matt (15).jpg: 0
matt,0.473849927268,topredict\matt\matt (150).jpg: 0
matt,0.54294369216,topredict\matt\matt (151).jpg: 0
matt,0.528277535538,topredict\matt\matt (152).jpg: 0
matt,0.479638221985,topredict\matt\matt (153).jpg: 0
Brody,0.517834928177,topredict\matt\matt (154).jpg: 0
Brody,0.540515620849,topredict\matt\matt (155).jpg: 0
matt,0.494420604063,topredict\matt\matt (156).jpg: 0
matt,0.495678694425,topredict\matt\matt (157).jpg: 0
matt,0.482381383474,topredict\matt\matt (158).jpg: 0
matt,0.455917243023,topredict\matt\matt (159).jpg: 0
matt,0.521974556414,topredict\matt\matt (16).jpg: 0
matt,0.479993750843,topredict\matt\matt (160).jpg: 0
matt,0.559786257874,topredict\matt\matt (161).jpg: 0
matt,0.512542988812,topredict\matt\matt (162).jpg: 0
matt,0.5222762503,topredict\matt\matt (163).jpg: 0
Brody,0.513903704472,topredict\matt\matt (164).jpg: 0
matt,0.532123256948,topredict\matt\matt (165).jpg: 0
matt,0.52647326816,topredict\matt\matt (166).jpg: 0
matt,0.537317601587,topredict\matt\matt (167).jpg: 0
matt,0.547727797216,topredict\matt\matt (168).jpg: 0
matt,0.530644588196,topredict\matt\matt (169).jpg: 0
matt,0.597401493112,topredict\matt\matt (17).jpg: 0
matt,0.598777896351,topredict\matt\matt (170).jpg: 0
matt,0.489383052841,topredict\matt\matt (171).jpg: 0
matt,0.510339148755,topredict\matt\matt (172).jpg: 0
matt,0.495967704933,topredict\matt\matt (173).jpg: 0
matt,0.470444792185,topredict\matt\matt (174).jpg: 0
matt,0.479520938147,topredict\matt\matt (175).jpg: 0
matt,0.595845767072,topredict\matt\matt (176).jpg: 0
matt,0.530556727276,topredict\matt\matt (177).jpg: 0
matt,0.494652671086,topredict\matt\matt (178).jpg: 0
matt,0.485114461466,topredict\matt\matt (179).jpg: 0
matt,0.507286495352,topredict\matt\matt (18).jpg: 0
matt,0.51538139581,topredict\matt\matt (180).jpg: 0
matt,0.573506749475,topredict\matt\matt (181).jpg: 0
matt,0.580156191096,topredict\matt\matt (182).jpg: 0
matt,0.51435429467,topredict\matt\matt (183).jpg: 0
matt,0.572604536285,topredict\matt\matt (184).jpg: 0
matt,0.507889259484,topredict\matt\matt (185).jpg: 0
matt,0.523334088399,topredict\matt\matt (186).jpg: 0
matt,0.49506125312,topredict\matt\matt (187).jpg: 0
matt,0.605845572082,topredict\matt\matt (188).jpg: 0
matt,0.503605711519,topredict\matt\matt (189).jpg: 0
matt,0.519472912561,topredict\matt\matt (19).jpg: 0
matt,0.517786260816,topredict\matt\matt (190).jpg: 0
matt,0.539957489736,topredict\matt\matt (192).jpg: 0
matt,0.464659683464,topredict\matt\matt (193).jpg: 0
matt,0.487725104201,topredict\matt\matt (194).jpg: 0
matt,0.503124958577,topredict\matt\matt (195).jpg: 0
matt,0.59093364926,topredict\matt\matt (196).jpg: 0
matt,0.611802124033,topredict\matt\matt (197).jpg: 0
matt,0.528123137233,topredict\matt\matt (198).jpg: 0
matt,0.502885259656,topredict\matt\matt (199).jpg: 0
matt,0.562333671174,topredict\matt\matt (2).jpg: 0
matt,0.53567151189,topredict\matt\matt (20).jpg: 0
matt,0.504156090184,topredict\matt\matt (200).jpg: 0
matt,0.509248990857,topredict\matt\matt (201).jpg: 0
matt,0.613855152737,topredict\matt\matt (202).jpg: 0
matt,0.542406678647,topredict\matt\matt (203).jpg: 0
matt,0.545552973596,topredict\matt\matt (204).jpg: 0
matt,0.550851658455,topredict\matt\matt (205).jpg: 0
matt,0.534631023989,topredict\matt\matt (206).jpg: 0
matt,0.519716086494,topredict\matt\matt (207).jpg: 0
matt,0.495510636956,topredict\matt\matt (208).jpg: 0
matt,0.505921285911,topredict\matt\matt (209).jpg: 0
matt,0.485176587339,topredict\matt\matt (210).jpg: 0
matt,0.519076090343,topredict\matt\matt (211).jpg: 0
matt,0.519755059506,topredict\matt\matt (212).jpg: 0
matt,0.539501883113,topredict\matt\matt (213).jpg: 0
matt,0.4833583581,topredict\matt\matt (214).jpg: 0
matt,0.573022498315,topredict\matt\matt (215).jpg: 0
matt,0.57890970621,topredict\matt\matt (216).jpg: 0
matt,0.543459617846,topredict\matt\matt (217).jpg: 0
matt,0.485184534267,topredict\matt\matt (218).jpg: 0
matt,0.517833428167,topredict\matt\matt (219).jpg: 0
matt,0.520911390373,topredict\matt\matt (22).jpg: 0
matt,0.541878638895,topredict\matt\matt (220).jpg: 0
matt,0.524090225637,topredict\matt\matt (221).jpg: 0
matt,0.524991739139,topredict\matt\matt (222).jpg: 0
matt,0.534143906167,topredict\matt\matt (223).jpg: 0
matt,0.516092999265,topredict\matt\matt (224).jpg: 0
matt,0.541492101586,topredict\matt\matt (225).jpg: 0
matt,0.506722291043,topredict\matt\matt (226).jpg: 0
matt,0.466911368355,topredict\matt\matt (227).jpg: 0
matt,0.466911368355,topredict\matt\matt (228).jpg: 0
matt,0.484143955721,topredict\matt\matt (229).jpg: 0
matt,0.55998945149,topredict\matt\matt (23).jpg: 0
matt,0.49044083593,topredict\matt\matt (230).jpg: 0
matt,0.481669641616,topredict\matt\matt (231).jpg: 0
matt,0.566141586356,topredict\matt\matt (232).jpg: 0
matt,0.587991329868,topredict\matt\matt (233).jpg: 0
matt,0.575512249228,topredict\matt\matt (234).jpg: 0
matt,0.506961827635,topredict\matt\matt (235).jpg: 0
matt,0.538533747844,topredict\matt\matt (236).jpg: 0
matt,0.499936760945,topredict\matt\matt (237).jpg: 0
matt,0.523677015604,topredict\matt\matt (238).jpg: 0
matt,0.5078410253,topredict\matt\matt (239).jpg: 0
matt,0.553203721988,topredict\matt\matt (24).jpg: 0
matt,0.48937176802,topredict\matt\matt (240).jpg: 0
matt,0.512049262118,topredict\matt\matt (241).jpg: 0
matt,0.523936543847,topredict\matt\matt (242).jpg: 0
matt,0.511921826175,topredict\matt\matt (243).jpg: 0
matt,0.554417709335,topredict\matt\matt (244).jpg: 0
matt,0.530388091209,topredict\matt\matt (245).jpg: 0
matt,0.512630357098,topredict\matt\matt (246).jpg: 0
matt,0.544065903146,topredict\matt\matt (247).jpg: 0
matt,0.551224854163,topredict\matt\matt (248).jpg: 0
matt,0.542183365005,topredict\matt\matt (249).jpg: 0
matt,0.609798115812,topredict\matt\matt (25).jpg: 0
matt,0.493415453629,topredict\matt\matt (250).jpg: 0
matt,0.514389247243,topredict\matt\matt (251).jpg: 0
matt,0.605916544965,topredict\matt\matt (252).jpg: 0
matt,0.512494921,topredict\matt\matt (253).jpg: 0
matt,0.530624919944,topredict\matt\matt (254).jpg: 0
matt,0.516984613486,topredict\matt\matt (255).jpg: 0
matt,0.522942212819,topredict\matt\matt (256).jpg: 0
matt,0.524022875494,topredict\matt\matt (257).jpg: 0
matt,0.5586288779,topredict\matt\matt (258).jpg: 0
matt,0.523258965144,topredict\matt\matt (259).jpg: 0
matt,0.525006186818,topredict\matt\matt (26).jpg: 0
matt,0.484621082729,topredict\matt\matt (260).jpg: 0
matt,0.504625173464,topredict\matt\matt (261).jpg: 0
matt,0.513897894765,topredict\matt\matt (262).jpg: 0
matt,0.525304290203,topredict\matt\matt (263).jpg: 0
matt,0.567093555722,topredict\matt\matt (264).jpg: 0
matt,0.51040733592,topredict\matt\matt (265).jpg: 0
matt,0.500817174983,topredict\matt\matt (266).jpg: 0
matt,0.498009033484,topredict\matt\matt (267).jpg: 0
matt,0.518814724847,topredict\matt\matt (268).jpg: 0
matt,0.489551461333,topredict\matt\matt (269).jpg: 0
matt,0.524471483026,topredict\matt\matt (27).jpg: 0
matt,0.506089955992,topredict\matt\matt (270).jpg: 0
matt,0.513514091349,topredict\matt\matt (271).jpg: 0
matt,0.516983335364,topredict\matt\matt (272).jpg: 0
matt,0.498168580989,topredict\matt\matt (273).jpg: 0
matt,0.484741206251,topredict\matt\matt (274).jpg: 0
matt,0.501071709342,topredict\matt\matt (275).jpg: 0
matt,0.566792846811,topredict\matt\matt (276).jpg: 0
matt,0.482469869868,topredict\matt\matt (277).jpg: 0
matt,0.504100064338,topredict\matt\matt (278).jpg: 0
matt,0.484294510489,topredict\matt\matt (279).jpg: 0
matt,0.537694035027,topredict\matt\matt (28).jpg: 0
matt,0.544667059679,topredict\matt\matt (280).jpg: 0
matt,0.4890331624,topredict\matt\matt (281).jpg: 0
matt,0.513278871708,topredict\matt\matt (282).jpg: 0
matt,0.517815872853,topredict\matt\matt (283).jpg: 0
matt,0.499264869507,topredict\matt\matt (284).jpg: 0
matt,0.500310231569,topredict\matt\matt (285).jpg: 0
matt,0.51804075624,topredict\matt\matt (286).jpg: 0
matt,0.505202222102,topredict\matt\matt (287).jpg: 0
matt,0.515615527795,topredict\matt\matt (288).jpg: 0
matt,0.49990349223,topredict\matt\matt (289).jpg: 0
matt,0.623957067522,topredict\matt\matt (29).jpg: 0
matt,0.586720391683,topredict\matt\matt (290).jpg: 0
matt,0.524608868815,topredict\matt\matt (291).jpg: 0
matt,0.522285363543,topredict\matt\matt (292).jpg: 0
matt,0.520925177408,topredict\matt\matt (293).jpg: 0
matt,0.495325577006,topredict\matt\matt (294).jpg: 0
matt,0.504550761242,topredict\matt\matt (295).jpg: 0
matt,0.504962765035,topredict\matt\matt (296).jpg: 0
matt,0.51178466722,topredict\matt\matt (297).jpg: 0
matt,0.521639935396,topredict\matt\matt (298).jpg: 0
matt,0.545554622735,topredict\matt\matt (299).jpg: 0
matt,0.555330260502,topredict\matt\matt (3).jpg: 0
matt,0.511353195293,topredict\matt\matt (300).jpg: 0
matt,0.519022696327,topredict\matt\matt (301).jpg: 0
matt,0.515126041842,topredict\matt\matt (302).jpg: 0
matt,0.488150080428,topredict\matt\matt (303).jpg: 0
matt,0.557344897379,topredict\matt\matt (304).jpg: 0
matt,0.580370379281,topredict\matt\matt (305).jpg: 0
matt,0.499128844201,topredict\matt\matt (306).jpg: 0
matt,0.539453999638,topredict\matt\matt (307).jpg: 0
matt,0.558467813907,topredict\matt\matt (308).jpg: 0
matt,0.500686366762,topredict\matt\matt (309).jpg: 0
matt,0.494756671562,topredict\matt\matt (31).jpg: 0
matt,0.562942077123,topredict\matt\matt (310).jpg: 0
matt,0.527911038696,topredict\matt\matt (311).jpg: 0
matt,0.53250881574,topredict\matt\matt (312).jpg: 0
matt,0.524823039871,topredict\matt\matt (313).jpg: 0
matt,0.574402898407,topredict\matt\matt (314).jpg: 0
matt,0.503507128028,topredict\matt\matt (315).jpg: 0
matt,0.504941131167,topredict\matt\matt (316).jpg: 0
matt,0.533318189693,topredict\matt\matt (317).jpg: 0
matt,0.521810716882,topredict\matt\matt (318).jpg: 0
matt,0.501442276889,topredict\matt\matt (319).jpg: 0
matt,0.531616346207,topredict\matt\matt (32).jpg: 0
matt,0.498499191863,topredict\matt\matt (320).jpg: 0
matt,0.505930524888,topredict\matt\matt (321).jpg: 0
matt,0.516600082765,topredict\matt\matt (322).jpg: 0
matt,0.559022407083,topredict\matt\matt (323).jpg: 0
matt,0.555364406626,topredict\matt\matt (324).jpg: 0
matt,0.501825551485,topredict\matt\matt (325).jpg: 0
matt,0.551253990702,topredict\matt\matt (326).jpg: 0
matt,0.566981098547,topredict\matt\matt (327).jpg: 0
matt,0.538000782078,topredict\matt\matt (328).jpg: 0
matt,0.507381467236,topredict\matt\matt (33).jpg: 0
matt,0.572501899685,topredict\matt\matt (330).jpg: 0
matt,0.487163855037,topredict\matt\matt (331).jpg: 0
matt,0.521738618492,topredict\matt\matt (332).jpg: 0
matt,0.487517654232,topredict\matt\matt (333).jpg: 0
matt,0.507677746407,topredict\matt\matt (334).jpg: 0
matt,0.535485577371,topredict\matt\matt (335).jpg: 0
matt,0.529758740006,topredict\matt\matt (336).jpg: 0
matt,0.511112770787,topredict\matt\matt (337).jpg: 0
matt,0.471659374219,topredict\matt\matt (338).jpg: 0
matt,0.555434884084,topredict\matt\matt (339).jpg: 0
matt,0.563740866485,topredict\matt\matt (34).jpg: 0
matt,0.500688918089,topredict\matt\matt (340).jpg: 0
matt,0.512803148477,topredict\matt\matt (341).jpg: 0
matt,0.496554028138,topredict\matt\matt (342).jpg: 0
matt,0.548474488057,topredict\matt\matt (343).jpg: 0
matt,0.55793892097,topredict\matt\matt (344).jpg: 0
matt,0.478738076592,topredict\matt\matt (345).jpg: 0
matt,0.484669507006,topredict\matt\matt (346).jpg: 0
matt,0.516208776735,topredict\matt\matt (347).jpg: 0
matt,0.506772491992,topredict\matt\matt (35).jpg: 0
matt,0.581195423222,topredict\matt\matt (36).jpg: 0
matt,0.562147086709,topredict\matt\matt (37).jpg: 0
matt,0.525672174978,topredict\matt\matt (38).jpg: 0
matt,0.480875002531,topredict\matt\matt (39).jpg: 0
matt,0.500408648191,topredict\matt\matt (4).jpg: 0
matt,0.607955770819,topredict\matt\matt (40).jpg: 0
matt,0.62169650881,topredict\matt\matt (41).jpg: 0
matt,0.498711152066,topredict\matt\matt (42).jpg: 0
matt,0.508944532638,topredict\matt\matt (43).jpg: 0
abdullah,0.647939030886,topredict\matt\matt (43).jpg: 1
matt,0.533404345794,topredict\matt\matt (44).jpg: 0
matt,0.513034362795,topredict\matt\matt (45).jpg: 0
matt,0.487876931456,topredict\matt\matt (46).jpg: 0
matt,0.520524884986,topredict\matt\matt (47).jpg: 0
matt,0.593947351127,topredict\matt\matt (48).jpg: 0
matt,0.559336062112,topredict\matt\matt (49).jpg: 0
matt,0.516808485327,topredict\matt\matt (5).jpg: 0
matt,0.532090224295,topredict\matt\matt (50).jpg: 0
matt,0.494187750059,topredict\matt\matt (51).jpg: 0
matt,0.576048187138,topredict\matt\matt (52).jpg: 0
matt,0.566365183386,topredict\matt\matt (53).jpg: 0
matt,0.502705797578,topredict\matt\matt (54).jpg: 0
matt,0.516543276673,topredict\matt\matt (55).jpg: 0
matt,0.493934599906,topredict\matt\matt (56).jpg: 0
matt,0.515187667569,topredict\matt\matt (57).jpg: 0
matt,0.533952569837,topredict\matt\matt (59).jpg: 0
matt,0.551102920751,topredict\matt\matt (6).jpg: 0
matt,0.489430001668,topredict\matt\matt (60).jpg: 0
matt,0.53378548948,topredict\matt\matt (61).jpg: 0
matt,0.531815285069,topredict\matt\matt (62).jpg: 0
matt,0.51494584895,topredict\matt\matt (63).jpg: 0
matt,0.507245987191,topredict\matt\matt (64).jpg: 0
matt,0.500998622793,topredict\matt\matt (65).jpg: 0
matt,0.511397717659,topredict\matt\matt (66).jpg: 0
matt,0.492521770291,topredict\matt\matt (67).jpg: 0
matt,0.546412200107,topredict\matt\matt (68).jpg: 0
matt,0.576334596597,topredict\matt\matt (69).jpg: 0
matt,0.538217714529,topredict\matt\matt (7).jpg: 0
matt,0.56970610344,topredict\matt\matt (70).jpg: 0
matt,0.481563321788,topredict\matt\matt (71).jpg: 0
matt,0.496060495687,topredict\matt\matt (72).jpg: 0
matt,0.515536970781,topredict\matt\matt (73).jpg: 0
matt,0.512063723187,topredict\matt\matt (74).jpg: 0
matt,0.515027271109,topredict\matt\matt (75).jpg: 0
matt,0.511675793,topredict\matt\matt (76).jpg: 0
matt,0.524894309658,topredict\matt\matt (77).jpg: 0
matt,0.519630396092,topredict\matt\matt (78).jpg: 0
matt,0.52165926849,topredict\matt\matt (79).jpg: 0
matt,0.530138355452,topredict\matt\matt (8).jpg: 0
matt,0.518933231203,topredict\matt\matt (80).jpg: 0
matt,0.551998434845,topredict\matt\matt (81).jpg: 0
matt,0.539546228369,topredict\matt\matt (82).jpg: 0
matt,0.470032607295,topredict\matt\matt (83).jpg: 0
matt,0.527658464692,topredict\matt\matt (84).jpg: 0
matt,0.514728552505,topredict\matt\matt (85).jpg: 0
matt,0.532009183627,topredict\matt\matt (86).jpg: 0
matt,0.552928800454,topredict\matt\matt (88).jpg: 0
matt,0.497995096092,topredict\matt\matt (89).jpg: 0
matt,0.547585720331,topredict\matt\matt (91).jpg: 0
matt,0.500141149512,topredict\matt\matt (92).jpg: 0
matt,0.520104950647,topredict\matt\matt (93).jpg: 0
matt,0.515579173154,topredict\matt\matt (94).jpg: 0
matt,0.486200560308,topredict\matt\matt (95).jpg: 0
matt,0.570565479955,topredict\matt\matt (96).jpg: 0
matt,0.50588224208,topredict\matt\matt (97).jpg: 0
matt,0.509350068643,topredict\matt\matt (98).jpg: 0
matt,0.509350068643,topredict\matt\matt (99).jpg: 0
