keira,0.64863084842,topredict\unknown\2017-Bella-Hadid-Victoria-Secret-Fashion-Show.jpg: 0
kit,0.71074751053,topredict\unknown\2017-Engaged-Celebrity-Couples.jpg: 0
clarke,0.677740124353,topredict\unknown\2017-MTV-VMAs-Instagram-Pictures.jpg: 0
kit,0.706503907686,topredict\unknown\Aaron-Paul-Lauren-Parsekian-Cute-Instagram-Photos.jpg: 0
clarke,0.701237445376,topredict\unknown\Aaron-Paul-Wife-Pregnant-First-Child.jpg: 0
matt,0.653526776705,topredict\unknown\Aaron-Paul-Wife-Pregnant-First-Child.jpg: 1
matt,0.713660987571,topredict\unknown\Adam-Driver-Hot-Pictures.jpg: 0
matt,0.775234022203,topredict\unknown\Adam-Driver-Married.jpg: 0
natalie,0.716323609397,topredict\unknown\Adam-Driver-Married.jpg: 1
matt,0.687116031274,topredict\unknown\Adam-Levine-Behati-Prinsloo-Expecting-Second-Child.jpg: 0
keira,0.754177087322,topredict\unknown\Adam-Levine-Behati-Prinsloo-Expecting-Second-Child.jpg: 1
Abdulrahman,0.642272619117,topredict\unknown\Adel-Karam-Netflix-Middle-East-First-Original-Production.jpg: 0
morgan,0.709637480063,topredict\unknown\Alex-Rodriguez-Quotes-About-His-Daughters-Jennifer-Lopez.jpg: 0
keira,0.678454979791,topredict\unknown\Alex-Rodriguez-Quotes-About-His-Daughters-Jennifer-Lopez.jpg: 1
matt,0.68995813388,topredict\unknown\Alexander-Skarsgard-Bald-Head-Pictures.jpg: 0
morgan,0.679717399333,topredict\unknown\All-MTV-VMA-Winners-2017.jpg: 0
natalie,0.662589421825,topredict\unknown\Amal-Clooney-Cindy-Crawford-2017-Halloween-Costumes.jpg: 0
Abdulrahman,0.790029781165,topredict\unknown\Amy-Schumer-Judge-Judy.jpg: 0
natalie,0.704308562534,topredict\unknown\Amy-Schumer-Judge-Judy.jpg: 1
morgan,0.659580415908,topredict\unknown\Amy-Schumer-Judge-Judy.jpg: 2
keira,0.725788800649,topredict\unknown\Angelina-Jolie-Asia-Society-NYC-December-2017(1).jpg: 0
keira,0.714214057975,topredict\unknown\Angelina-Jolie-Asia-Society-NYC-December-2017.jpg: 0
kit,0.692808906165,topredict\unknown\Angelina-Jolie-Her-Daughters-Red-Carpet-2017.jpg: 0
derya,0.778900532116,topredict\unknown\Angelina-Jolie-Her-Daughters-Red-Carpet-2017.jpg: 1
keira,0.672896681913,topredict\unknown\Angelina-Jolie-Her-Daughters-Red-Carpet-2017.jpg: 2
derya,0.667309902904,topredict\unknown\Angelina-Jolie-Her-Daughters-Red-Carpet-2017.jpg: 3
abdullah,0.737604798242,topredict\unknown\Angelina-Jolie-Her-Kids-Red-Carpet-NYC-2017.jpg: 0
abdullah,0.675238565163,topredict\unknown\Angelina-Jolie-Her-Kids-Red-Carpet-NYC-2017.jpg: 1
keira,0.683094082277,topredict\unknown\Angelina-Jolie-Her-Kids-Red-Carpet-NYC-2017.jpg: 2
clarke,0.696902586586,topredict\unknown\Angelina-Jolie-Her-Kids-Toronto-Film-Festival-2017.jpg: 0
hussam,0.686736902784,topredict\unknown\Angelina-Jolie-Her-Kids-Toronto-Film-Festival-2017.jpg: 1
abdullah,0.75256341782,topredict\unknown\Angelina-Jolie-Her-Kids-Toronto-Film-Festival-2017.jpg: 2
clarke,0.68054618736,topredict\unknown\Angelina-Jolie-Her-Kids-Toronto-Film-Festival-2017.jpg: 3
natalie,0.67988226612,topredict\unknown\Angelina-Jolie-Her-Kids-Toronto-Film-Festival-2017.jpg: 4
keira,0.672690224696,topredict\unknown\Angelina-Jolie-Hollywood-Film-Awards-2017.jpg: 0
keira,0.657305391152,topredict\unknown\Angelina-Jolie-James-Haven.jpg: 0
leo,0.812217224014,topredict\unknown\Angelina-Jolie-Quotes-About-Brad-Pitt-Divorce-September-2017.jpg: 0
keira,0.716774404576,topredict\unknown\Angelina-Jolie-Quotes-About-Brad-Pitt-Divorce-September-2017.jpg: 1
natalie,0.651740576426,topredict\unknown\Angelina-Jolie-THR-Women-Entertainment-Event-2017.jpg: 0
natalie,0.70900505274,topredict\unknown\Anna-Faris-2017-Emmys.jpg: 0
Malik,0.760638172913,topredict\unknown\Anna-Faris-2017-Emmys.jpg: 1
keira,0.721930708771,topredict\unknown\Anna-Faris-Talks-About-Chris-Pratt-Split-Her-Podcast.jpg: 0
Malik,0.667012931503,topredict\unknown\Anne-Thomas-Michael-Hathaway.jpg: 0
fassbender,0.678875156411,topredict\unknown\Anne-Thomas-Michael-Hathaway.jpg: 1
matt,0.646144216714,topredict\unknown\Ansel-Warren-Elgort.jpg: 0
derya,0.700538699972,topredict\unknown\Apply-UAE-Driving-License.jpg: 0
derya,0.676356249345,topredict\unknown\Arab-Social-Media-Stars-Land-My-Fabulous-ME-Show-E.jpg: 0
abdullah,0.64827774396,topredict\unknown\Ashton-Michael-Kutcher.jpg: 0
leo,0.749666029066,topredict\unknown\Ashton-Michael-Kutcher.jpg: 1
kit,0.688885957056,topredict\unknown\Audrina-Patridge-Corey-Bohan-Breakup.jpg: 0
derya,0.734435625936,topredict\unknown\Audrina-Patridge-Corey-Bohan-Breakup.jpg: 1
fassbender,0.711203074837,topredict\unknown\Barack-Obama-Prince-Harry-BBC-Radio-4-Today-Interview.jpg: 0
matt,0.702676619014,topredict\unknown\Barack-Obama-Prince-Harry-BBC-Radio-4-Today-Interview.jpg: 1
matt,0.677593259182,topredict\unknown\Barack-Obama-Reaction-Prince-Harry-Engagement.jpg: 0
abdullah,0.720267132919,topredict\unknown\Barack-Obama-Reaction-Prince-Harry-Engagement.jpg: 1
Abdulrahman,0.776313324445,topredict\unknown\Beauty-Beast-Live-Action-Remake-Facts.jpg: 0
leo,0.712012433837,topredict\unknown\Beauty-Beast-Live-Action-Remake-Facts.jpg: 1
natalie,0.665651858278,topredict\unknown\Beauty-Beast-Live-Action-Remake-Facts.jpg: 2
Abdulrahman,0.704865860852,topredict\unknown\Beauty-Beast-Live-Action-Remake-Facts.jpg: 3
Abdulrahman,0.691246613499,topredict\unknown\Beauty-Beast-Live-Action-Remake-Facts.jpg: 4
Abdulrahman,0.643395923272,topredict\unknown\Beauty-Beast-Live-Action-Remake-Facts.jpg: 5
keira,0.699272492174,topredict\unknown\Behind-Scenes-Photos-from-Victoria-Secret-Show.jpg: 0
clarke,0.693990485071,topredict\unknown\Behind-Scenes-Photos-from-Victoria-Secret-Show.jpg: 1
derya,0.707734488316,topredict\unknown\Behind-Scenes-Photos-from-Victoria-Secret-Show.jpg: 2
natalie,0.714317217362,topredict\unknown\Behind-Scenes-Photos-from-Victoria-Secret-Show.jpg: 3
leo,0.672006893117,topredict\unknown\Bella-Hadid-Palestine-Protest.jpg: 0
keira,0.690361981411,topredict\unknown\Bella-Hadid-Robert-Pattinson-Lead-Dior-Love-Chain-Campaign.jpg: 0
Abdulrahman,0.662512001817,topredict\unknown\Ben-Affleck-Lindsay-Shookus-US-Open.jpg: 0
keira,0.702959420061,topredict\unknown\Ben-Affleck-Lindsay-Shookus-US-Open.jpg: 1
keira,0.782692946403,topredict\unknown\Best-Candid-Pictures-Victoria-Secret-Fashion-Show-2017.jpg: 0
morgan,0.789293355703,topredict\unknown\Best-Candid-Pictures-Victoria-Secret-Fashion-Show-2017.jpg: 1
matt,0.675315693393,topredict\unknown\Best-Celebrity-Friendship-Moments-2017.jpg: 0
morgan,0.72111556055,topredict\unknown\Best-Celebrity-Friendship-Moments-2017.jpg: 1
derya,0.732881690007,topredict\unknown\Best-Emmys-Moments-2017.jpg: 0
abdullah,0.634356353948,topredict\unknown\Best-Emmys-Moments-2017.jpg: 1
Abdulrahman,0.696347307403,topredict\unknown\Best-Emmys-Moments-2017.jpg: 2
keira,0.783352531814,topredict\unknown\Best-Emmys-Moments-2017.jpg: 3
Malik,0.744413156213,topredict\unknown\Best-George-Amal-Clooney-Pictures.jpg: 0
Abdulrahman,0.700689603585,topredict\unknown\Best-George-Amal-Clooney-Pictures.jpg: 1
clarke,0.686895465863,topredict\unknown\Best-Kesha-Pictures-2017.jpg: 0
hussam,0.718134215654,topredict\unknown\Best-Photos-From-2017-MTV-VMAs.jpg: 0
Brody,0.761562933665,topredict\unknown\Best-Photos-Harry-Connick-Jr.jpg: 0
keira,0.712746361524,topredict\unknown\Best-Photos-Princess-Eugenie.jpg: 0
keira,0.784600173793,topredict\unknown\Best-Pictures-From-2017-American-Music-Awards.jpg: 0
clarke,0.729460671518,topredict\unknown\Best-Pictures-From-2017-American-Music-Awards.jpg: 1
morgan,0.748914602119,topredict\unknown\Best-Pictures-From-2017-American-Music-Awards.jpg: 2
Abdulrahman,0.618554864841,topredict\unknown\Best-Pictures-From-2017-American-Music-Awards.jpg: 3
morgan,0.628179447748,topredict\unknown\Best-Pictures-From-2017-American-Music-Awards.jpg: 4
leo,0.723561969977,topredict\unknown\Best-Pictures-From-2017-American-Music-Awards.jpg: 5
abdullah,0.692722309921,topredict\unknown\Best-Pictures-From-2017-American-Music-Awards.jpg: 6
abdullah,0.731462429084,topredict\unknown\Best-Pictures-From-2017-American-Music-Awards.jpg: 7
derya,0.669958975626,topredict\unknown\Best-Pictures-From-2017-CMA-Awards.jpg: 0
clarke,0.68028380542,topredict\unknown\Best-Pictures-From-2017-Emmys.jpg: 0
keira,0.733404476093,topredict\unknown\Best-Pictures-From-2017-Emmys.jpg: 1
derya,0.730716646268,topredict\unknown\Best-Pictures-From-2017-Emmys.jpg: 2
keira,0.624280467467,topredict\unknown\Best-Pictures-From-2017-MTV-EMAs.jpg: 0
clarke,0.72648425754,topredict\unknown\Best-Pictures-From-2017-Teen-Choice-Awards.jpg: 0
Malik,0.666804467124,topredict\unknown\Best-Pictures-Prince-Harry-2017.jpg: 0
Brody,0.6432368889,topredict\unknown\Best-Pictures-Prince-William-Kate-Middleton.jpg: 0
clarke,0.592497487142,topredict\unknown\Best-Pictures-Prince-William-Kate-Middleton.jpg: 1
matt,0.715114879274,topredict\unknown\Best-Queen-Prince-Philip-70th-Anniversary-Photos.jpg: 0
Abdulrahman,0.739858291591,topredict\unknown\Best-Queen-Prince-Philip-70th-Anniversary-Photos.jpg: 1
abdullah,0.755589190576,topredict\unknown\Best-Songs-2017.jpg: 0
natalie,0.75563627248,topredict\unknown\Best-Teachers-From-TV-Movies.jpg: 0
Abdulrahman,0.674997571392,topredict\unknown\Best-Teachers-From-TV-Movies.jpg: 1
brody,0.712546231024,topredict\unknown\Best-Teachers-From-TV-Movies.jpg: 2
clarke,0.761329716769,topredict\unknown\Bette-Midler-Halloween-Costume.jpg: 0
derya,0.731689753816,topredict\unknown\Bette-Midler-Hocus-Pocus-Halloween-Costume.jpg: 0
abdullah,0.742966282108,topredict\unknown\Beyonce-Blue-Ivy-JAY-Z-Wedding-New-Orleans-2017.jpg: 0
Malik,0.731427190591,topredict\unknown\Beyonce-Dear-Evan-Hansen-Cast.jpg: 0
Abdulrahman,0.551582479875,topredict\unknown\Beyonce-Dear-Evan-Hansen-Cast.jpg: 1
clarke,0.745128030087,topredict\unknown\Beyonce-JAY-Z-Rihanna-Diamond-Ball-2017.jpg: 0
morgan,0.570210951895,topredict\unknown\Beyonce-JAY-Z-Rihanna-Diamond-Ball-2017.jpg: 1
clarke,0.748472088286,topredict\unknown\Beyonce-TIDAL-Concert.jpg: 0
keira,0.734375651691,topredict\unknown\Beyonce-Visiting-Houston-Church-After-Hurricane-Harvey.jpg: 0
abdullah,0.760709145835,topredict\unknown\Beyonce-Visiting-Houston-Church-After-Hurricane-Harvey.jpg: 1
clarke,0.760910109248,topredict\unknown\Big-Little-Lies-Cast-Emmys-2017.jpg: 0
natalie,0.687193723214,topredict\unknown\Big-Little-Lies-Cast-Emmys-2017.jpg: 1
clarke,0.731236607114,topredict\unknown\Big-Little-Lies-Cast-Emmys-2017.jpg: 2
derya,0.793088820247,topredict\unknown\Big-Little-Lies-Cast-Emmys-2017.jpg: 3
clarke,0.659093065765,topredict\unknown\Big-Little-Lies-Cast-Emmys-2017.jpg: 4
keira,0.786708292241,topredict\unknown\Billie-Lourd-Carrie-Fisher-Matching-Tattoos-Photo.jpg: 0
keira,0.768478200931,topredict\unknown\Billie-Lourd-Carrie-Fisher-Matching-Tattoos-Photo.jpg: 1
keira,0.657674605989,topredict\unknown\Blake-Lively-Posts-About-Ryan-Reynolds-Birthday.jpg: 0
keira,0.702788088787,topredict\unknown\Blake-Lively-Ryan-Reynolds-NYC-October-2017.jpg: 0
Abdulrahman,0.725774080296,topredict\unknown\Blake-Lively-Ryan-Reynolds-NYC-October-2017.jpg: 1
leo,0.670351587172,topredict\unknown\Blake-Robyn-Eric-Lively.jpg: 0
Abdulrahman,0.72455819003,topredict\unknown\Brad-Doug-Pitt.jpg: 0
leo,0.667244816066,topredict\unknown\Brad-Doug-Pitt.jpg: 1
matt,0.755116011253,topredict\unknown\Bradley-Holly-Cooper.jpg: 0
fassbender,0.64941536572,topredict\unknown\Bradley-Holly-Cooper.jpg: 1
matt,0.800466304524,topredict\unknown\British-Celebrities-Emmys-2017.jpg: 0
derya,0.63077113534,topredict\unknown\British-Celebrities-Emmys-2017.jpg: 1
keira,0.724601329712,topredict\unknown\Britney-Jamie-Lynn-Spears.jpg: 0
kit,0.631175710166,topredict\unknown\Britney-Spears-Kissing-Boyfriend-LA-Lakers-Game-Nov-2017.jpg: 0
Malik,0.693325584677,topredict\unknown\Britney-Spears-Kissing-Boyfriend-LA-Lakers-Game-Nov-2017.jpg: 1
natalie,0.680366533978,topredict\unknown\Britney-Spears-Kissing-Boyfriend-LA-Lakers-Game-Nov-2017.jpg: 2
hussam,0.631975134846,topredict\unknown\Bruno-Mars-Donation-Flint-Michigan-Water-Crisis-2017.jpg: 0
derya,0.729533606214,topredict\unknown\Cardi-B-Best-Moments-2017.jpg: 0
keira,0.783353107022,topredict\unknown\Carly-Rae-Jepson-Fiesta-De-Los-Muertos-Dubai-2017.jpg: 0
keira,0.746356021277,topredict\unknown\Carrie-Underwood-2017-CMAs-Pictures.jpg: 0
matt,0.693140978026,topredict\unknown\Carrie-Underwood-2017-CMAs-Pictures.jpg: 1
abdullah,0.708398168755,topredict\unknown\Cast-Aladdin-Filming-Jordan.jpg: 0
abdullah,0.672642085905,topredict\unknown\Cast-Aladdin-Filming-Jordan.jpg: 1
kit,0.67606921576,topredict\unknown\Cast-Aladdin-Filming-Jordan.jpg: 2
Abdulrahman,0.567827880311,topredict\unknown\Cast-Aladdin-Filming-Jordan.jpg: 3
hussam,0.641775429693,topredict\unknown\Cast-Aladdin-Filming-Jordan.jpg: 4
clarke,0.6971343134,topredict\unknown\Cast-Aladdin-Filming-Jordan.jpg: 5
Abdulrahman,0.657483575363,topredict\unknown\Cast-Aladdin-Filming-Jordan.jpg: 6
matt,0.699040938387,topredict\unknown\Cast-Aladdin-Filming-Jordan.jpg: 7
Abdulrahman,0.610418506605,topredict\unknown\Cast-Aladdin-Filming-Jordan.jpg: 8
Abdulrahman,0.654707416611,topredict\unknown\Cast-Aladdin-Filming-Jordan.jpg: 9
derya,0.69480023289,topredict\unknown\Cate-Blanchett-Walk-Red-Carpet-DIFF-2017.jpg: 0
clarke,0.737966723216,topredict\unknown\Catherine-Zeta-Jones-Daughter-NYFW-2017.jpg: 0
derya,0.675714632503,topredict\unknown\Catherine-Zeta-Jones-Daughter-NYFW-2017.jpg: 1
keira,0.723103777421,topredict\unknown\Celebrities-Born-1977.jpg: 0
derya,0.676471759125,topredict\unknown\Celebrities-Born-1988.jpg: 0
derya,0.691788957492,topredict\unknown\Celebrities-Grand-Mosque-Abu-Dhabi.jpg: 0
Malik,0.683616302936,topredict\unknown\Celebrities-Hand-Hand-Hurricane-Relief-Benefit-2017.jpg: 0
derya,0.739145741798,topredict\unknown\Celebrities-Hand-Hand-Hurricane-Relief-Benefit-2017.jpg: 1
abdullah,0.723233621863,topredict\unknown\Celebrities-Siblings-Pictures.jpg: 0
leo,0.724865008979,topredict\unknown\Celebrities-Siblings-Pictures.jpg: 1
Abdulrahman,0.72114505695,topredict\unknown\Celebrities-Siblings-Pictures.jpg: 2
derya,0.812683798033,topredict\unknown\Celebrities-Siblings-Pictures.jpg: 3
matt,0.683703143266,topredict\unknown\Celebrities-Siblings-Pictures.jpg: 4
abdullah,0.742789722329,topredict\unknown\Celebrities-Siblings-Pictures.jpg: 5
kit,0.710789072911,topredict\unknown\Celebrities-Siblings-Pictures.jpg: 6
derya,0.632734432658,topredict\unknown\Celebrities-Siblings-Pictures.jpg: 7
derya,0.69209432624,topredict\unknown\Celebrities-Siblings-Pictures.jpg: 8
fassbender,0.717701421851,topredict\unknown\Celebrities-Siblings-Pictures.jpg: 9
natalie,0.661678526047,topredict\unknown\Celebrities-Siblings-Pictures.jpg: 10
morgan,0.736072207832,topredict\unknown\Celebrities-Siblings-Pictures.jpg: 11
fassbender,0.696614655683,topredict\unknown\Celebrities-Siblings-Pictures.jpg: 12
hussam,0.728745260635,topredict\unknown\Celebrities-Siblings-Pictures.jpg: 13
keira,0.669524732714,topredict\unknown\Celebrities-Siblings-Pictures.jpg: 14
abdullah,0.738123920333,topredict\unknown\Celebrities-Siblings-Pictures.jpg: 15
morgan,0.774861908284,topredict\unknown\Celebrities-Star-Wars-Last-Jedi-LA-Premiere-2017.jpg: 0
leo,0.416327268674,topredict\unknown\Celebrities-Who-Donated-Hurricane-Harvey.jpg: 0
clarke,0.605125974013,topredict\unknown\Celebrities-Who-Have-Used-Dating-Apps.jpg: 0
keira,0.757623061048,topredict\unknown\Celebrity-Emmy-Awards-Pictures.jpg: 0
morgan,0.794703353245,topredict\unknown\Celebrity-Emmy-Awards-Pictures.jpg: 1
natalie,0.709156872651,topredict\unknown\Celebrity-News-Dec-13-2017-Late-Edition.jpg: 0
keira,0.688403352568,topredict\unknown\Celebrity-Reactions-Harvey-Weinstein-Allegations.jpg: 0
matt,0.662399441241,topredict\unknown\Celebrity-Reactions-Tom-Petty-Death.jpg: 0
clarke,0.649752711113,topredict\unknown\Celebrity-Wedding-Pictures-2017.jpg: 0
matt,0.738353152579,topredict\unknown\Celine-Dion-Donating-Money-Las-Vegas-Shooting-Victims.jpg: 0
derya,0.725964856527,topredict\unknown\Celine-Dion-Halloween-Costumes.jpg: 0
leo,0.634595878891,topredict\unknown\Charlie-Heaton-Natalia-Dyer-2017-Fashion-Awards.jpg: 0
derya,0.674287584639,topredict\unknown\Charlie-Heaton-Natalia-Dyer-2017-Fashion-Awards.jpg: 1
Malik,0.724749446686,topredict\unknown\Charlotte-Gainsbourg-Lou-Doillon.jpg: 0
hussam,0.709078032625,topredict\unknown\Charlotte-Gainsbourg-Lou-Doillon.jpg: 1
clarke,0.625697561729,topredict\unknown\Chloe-Grace-Moretz-Brooklyn-Beckham-Kissing-Dublin.jpg: 0
hussam,0.670342938641,topredict\unknown\Chord-Nash-Overstreet.jpg: 0
fassbender,0.688474968312,topredict\unknown\Chris-Evans-Jenny-Slate-Back-Together.jpg: 0
hussam,0.660224891036,topredict\unknown\Chris-Evans-Jenny-Slate-Back-Together.jpg: 1
natalie,0.655589674538,topredict\unknown\Chris-Hemsworth-GQ-Australia-October-2017-Interview.jpg: 0
leo,0.691839741992,topredict\unknown\Chris-Hemsworth-GQ-Australia-October-2017-Interview.jpg: 1
kit,0.687895415135,topredict\unknown\Chris-Pratt-2017-Teen-Choice-Awards.jpg: 0
morgan,0.689994646696,topredict\unknown\Chrissy-Teigen-Pregnant-Second-Child.jpg: 0
hussam,0.686562095967,topredict\unknown\Christmas-Movies-Shows-Netflix-Middle-East.jpg: 0
Abdulrahman,0.734302039365,topredict\unknown\Christmas-Movies-Shows-Netflix-Middle-East.jpg: 1
morgan,0.657207319708,topredict\unknown\Christmas-Movies-Shows-Netflix-Middle-East.jpg: 2
morgan,0.732894490789,topredict\unknown\CMA-Awards-Pictures.jpg: 0
derya,0.746978153032,topredict\unknown\CMA-Awards-Pictures.jpg: 1
clarke,0.748128784976,topredict\unknown\Countries-Royal-Families.jpg: 0
matt,0.738106587191,topredict\unknown\Countries-Royal-Families.jpg: 1
morgan,0.646644888618,topredict\unknown\Craziest-MTV-VMA-Moments.jpg: 0
keira,0.6906528252,topredict\unknown\Dakota-Elle-Fanning.jpg: 0
clarke,0.628402893575,topredict\unknown\Dakota-Johnson-Chris-Martin-Dating.jpg: 0
fassbender,0.614965676477,topredict\unknown\David-Beckham-Announces-UNICEF-Level-Kids-Partnership.jpg: 0
abdullah,0.659196873185,topredict\unknown\David-Beckham-Announces-UNICEF-Level-Kids-Partnership.jpg: 1
hussam,0.692228424295,topredict\unknown\David-Beckham-Announces-UNICEF-Level-Kids-Partnership.jpg: 2
Abdulrahman,0.682913682176,topredict\unknown\David-Cassidy-Dead.jpg: 0
derya,0.664755510993,topredict\unknown\Demi-Lovato-Global-Citizen-Mental-Health-Ambassador.jpg: 0
leo,0.713586246039,topredict\unknown\Demi-Lovato-Madison-De-La-Garza.jpg: 0
derya,0.688626429401,topredict\unknown\Demi-Lovato-Reaction-Joe-Jonas-Engagement.jpg: 0
clarke,0.736515800731,topredict\unknown\Demi-Lovato-Selena-Gomez-Kidney-Transplant.jpg: 0
clarke,0.731575524205,topredict\unknown\Demi-Lovato-Selena-Gomez-Kidney-Transplant.jpg: 1
natalie,0.691928073051,topredict\unknown\Demi-Lovato-Sorry-Sorry-Dance-Video.jpg: 0
matt,0.699903931954,topredict\unknown\Derek-Hannah-Jeter-Welcome-First-Child.jpg: 0
keira,0.683726830277,topredict\unknown\Derek-Hannah-Jeter-Welcome-First-Child.jpg: 1
hussam,0.708627534161,topredict\unknown\Diana-Ross-American-Music-Awards.jpg: 0
keira,0.718014446585,topredict\unknown\Diana-Ross-American-Music-Awards.jpg: 1
natalie,0.672587577063,topredict\unknown\Diana-Ross-American-Music-Awards.jpg: 2
derya,0.659896015944,topredict\unknown\Diana-Ross-American-Music-Awards.jpg: 3
leo,0.723549215044,topredict\unknown\Diana-Ross-American-Music-Awards.jpg: 4
clarke,0.779469526151,topredict\unknown\Diana-Ross-American-Music-Awards.jpg: 5
clarke,0.702536740285,topredict\unknown\Diana-Ross-American-Music-Awards.jpg: 6
morgan,0.625259579826,topredict\unknown\Diana-Ross-American-Music-Awards.jpg: 7
leo,0.700169701985,topredict\unknown\Diana-Ross-American-Music-Awards.jpg: 8
abdullah,0.749804668234,topredict\unknown\Diana-Ross-American-Music-Awards.jpg: 9
hussam,0.686315000756,topredict\unknown\Diana-Ross-American-Music-Awards.jpg: 10
clarke,0.683857113763,topredict\unknown\Diana-Ross-American-Music-Awards.jpg: 11
clarke,0.769849169986,topredict\unknown\Diana-Ross-Grandson-Dancing-American-Music-Awards-2017.jpg: 0
morgan,0.635763666821,topredict\unknown\Diana-Ross-Grandson-Dancing-American-Music-Awards-2017.jpg: 1
derya,0.704454965612,topredict\unknown\Did-Antony-Armstrong-Jones-Cheat-Princess-Margaret.jpg: 0
matt,0.726663666285,topredict\unknown\Did-Antony-Armstrong-Jones-Cheat-Princess-Margaret.jpg: 1
keira,0.7081681955,topredict\unknown\Did-Kate-Winslet-Leonardo-DiCaprio-Ever-Date.jpg: 0
leo,0.416556453073,topredict\unknown\Did-Kate-Winslet-Leonardo-DiCaprio-Ever-Date.jpg: 1
Malik,0.667484914328,topredict\unknown\Did-Milo-Ventimiglia-Alexis-Bledel-Date-Real-Life.jpg: 0
keira,0.712248608982,topredict\unknown\Did-Milo-Ventimiglia-Alexis-Bledel-Date-Real-Life.jpg: 1
Abdulrahman,0.717847481098,topredict\unknown\Did-Prince-Harry-Meet-Meghan-Markle-Mom.jpg: 0
keira,0.683157075369,topredict\unknown\Did-Prince-Harry-Meet-Meghan-Markle-Mom.jpg: 1
abdullah,0.648139333195,topredict\unknown\Did-Prince-Harry-Meet-Meghan-Markle-Mom.jpg: 2
derya,0.693328193435,topredict\unknown\Does-Selena-Gomez-Mom-Like-Justin-Bieber.jpg: 0
clarke,0.756029124776,topredict\unknown\Does-Selena-Gomez-Mom-Like-Justin-Bieber.jpg: 1
Abdulrahman,0.694370488523,topredict\unknown\Donald-Trump-Worst-Moments.jpg: 0
derya,0.677546873838,topredict\unknown\Donald-Trump-Worst-Moments.jpg: 1
clarke,0.696020628981,topredict\unknown\Donald-Trump-Worst-Moments.jpg: 2
abdullah,0.630693411208,topredict\unknown\Dubai-Cares-Helps-Syrian-Refugees.jpg: 0
abdullah,0.684995356171,topredict\unknown\Dubai-Cares-Helps-Syrian-Refugees.jpg: 1
derya,0.673766453697,topredict\unknown\Dubai-Global-Gift-Gala-2017-Vanessa-Williams-Adrien-Brody.jpg: 0
derya,0.800069554494,topredict\unknown\Dubai-Global-Gift-Gala-2017-Vanessa-Williams-Adrien-Brody.jpg: 1
abdullah,0.677506362146,topredict\unknown\Dubai-Global-Gift-Gala-2017-Vanessa-Williams-Adrien-Brody.jpg: 2
derya,0.734613372043,topredict\unknown\Dubai-Global-Gift-Gala-2017-Vanessa-Williams-Adrien-Brody.jpg: 3
abdullah,0.810702508444,topredict\unknown\Dubai-Global-Gift-Gala-2017-Vanessa-Williams-Adrien-Brody.jpg: 4
Brody,0.401492329309,topredict\unknown\Dubai-Global-Gift-Gala-2017-Vanessa-Williams-Adrien-Brody.jpg: 5
keira,0.760970968302,topredict\unknown\Dubai-Global-Gift-Gala-2017-Vanessa-Williams-Adrien-Brody.jpg: 6
morgan,0.682438555136,topredict\unknown\Dubai-Global-Gift-Gala-2017-Vanessa-Williams-Adrien-Brody.jpg: 7
derya,0.707387167879,topredict\unknown\Dubai-International-Film-Festival-2017-Opening-Red-Carpet.jpg: 0
Malik,0.698437961613,topredict\unknown\Dwayne-Johnson-Family-Hollywood-Walk-Fame-Ceremony.jpg: 0
morgan,0.697812493923,topredict\unknown\Dwayne-Johnson-Family-Hollywood-Walk-Fame-Ceremony.jpg: 1
abdullah,0.612641104865,topredict\unknown\Dwayne-Johnson-Family-Hollywood-Walk-Fame-Ceremony.jpg: 2
derya,0.701669918882,topredict\unknown\Dwayne-Johnson-Lauren-Hashian-Expecting-Second-Child.jpg: 0
abdullah,0.724745426732,topredict\unknown\Dwayne-Johnson-Lauren-Hashian-Expecting-Second-Child.jpg: 1
morgan,0.605926614389,topredict\unknown\Dwayne-Johnson-Tyrese-Feud-Details.jpg: 0
morgan,0.599446427111,topredict\unknown\Dwayne-Johnson-Tyrese-Feud-Details.jpg: 1
hussam,0.668063727623,topredict\unknown\Dylan-Cole-Sprouse-Identical.jpg: 0
Abdulrahman,0.634473798385,topredict\unknown\Dylan-Cole-Sprouse-Identical.jpg: 1
Abdulrahman,0.710896087227,topredict\unknown\Ed-Sheeran-Cycling-Accident.jpg: 0
Abdulrahman,0.642551338532,topredict\unknown\Ed-Sheeran-Dubai-Concert-2017.jpg: 0
clarke,0.725229806436,topredict\unknown\Ed-Sheeran-Perfect-Duet-Beyonce.jpg: 0
kit,0.693975705963,topredict\unknown\Ed-Sheeran-Quotes-Substance-Abuse.jpg: 0
clarke,0.714899440586,topredict\unknown\Ellen-DeGeneres-Gives-Crowd-Trips-Dubai-Atlantis-Palm.jpg: 0
derya,0.645849547,topredict\unknown\Ellen-DeGeneres-Gives-Crowd-Trips-Dubai-Atlantis-Palm.jpg: 1
derya,0.675780070207,topredict\unknown\Ellen-DeGeneres-Gives-Crowd-Trips-Dubai-Atlantis-Palm.jpg: 2
keira,0.726025050443,topredict\unknown\Ellen-DeGeneres-Gives-Crowd-Trips-Dubai-Atlantis-Palm.jpg: 3
derya,0.689842664807,topredict\unknown\Ellie-Goulding-Dolly-Parton-Halloween-Costume.jpg: 0
natalie,0.715841172172,topredict\unknown\Elvis-Priscilla-Presley-Pictures.jpg: 0
derya,0.712860533275,topredict\unknown\Elvis-Priscilla-Presley-Pictures.jpg: 1
kit,0.578521137743,topredict\unknown\Emilia-Clarke-Video-Kit-Harington-Game-Thrones.jpg: 0
fassbender,0.705736247429,topredict\unknown\Emirates-Jazz-Festival-2018.jpg: 0
kit,0.709640501622,topredict\unknown\Emirates-Jazz-Festival-2018.jpg: 1
keira,0.681165354249,topredict\unknown\Emma-Alex-Watson.jpg: 0
derya,0.772237330334,topredict\unknown\Emma-Thompson-Talks-About-Harvey-Weinstein.jpg: 0
clarke,0.697765511925,topredict\unknown\Emmy-Winners-List-2017.jpg: 0
keira,0.726200573382,topredict\unknown\Eva-Longoria-Pregnant-First-Child.jpg: 0
Malik,0.683098466608,topredict\unknown\Eva-Longoria-Pregnant-First-Child.jpg: 1
morgan,0.667209272781,topredict\unknown\Eva-Longoria-Pregnant-First-Child.jpg: 2
fassbender,0.709257818322,topredict\unknown\Ewan-McGregor-Splits-From-His-Wife.jpg: 0
Abdulrahman,0.754406484866,topredict\unknown\Ewan-McGregor-Splits-From-His-Wife.jpg: 1
natalie,0.703765308301,topredict\unknown\Facts-About-Luisana-Lopilato.jpg: 0
natalie,0.646465202431,topredict\unknown\Facts-About-Madelaine-Petsch.jpg: 0
keira,0.691681077746,topredict\unknown\Faith-Hill-Tim-McGraw-2017-CMA-Awards.jpg: 0
Malik,0.605191643542,topredict\unknown\Faith-Hill-Tim-McGraw-2017-CMA-Awards.jpg: 1
keira,0.648664489457,topredict\unknown\Faith-Hill-Tim-McGraw-Pictures.jpg: 0
clarke,0.677528320543,topredict\unknown\Faith-Hill-Tim-McGraw-Pictures.jpg: 1
kit,0.683652345847,topredict\unknown\Faith-Hill-Tim-McGraw-Pictures.jpg: 2
keira,0.712862460513,topredict\unknown\Faith-Hill-Tim-McGraw-Pictures.jpg: 3
clarke,0.681365254391,topredict\unknown\Faith-Hill-Tim-McGraw-Pictures.jpg: 4
clarke,0.777491445057,topredict\unknown\Famous-Netflix-Quotes-Arabic.jpg: 0
leo,0.703762017866,topredict\unknown\Famous-Netflix-Quotes-Arabic.jpg: 1
abdullah,0.656384130756,topredict\unknown\Famous-Netflix-Quotes-Arabic.jpg: 2
clarke,0.694595351656,topredict\unknown\Famous-Netflix-Quotes-Arabic.jpg: 3
matt,0.801861073686,topredict\unknown\Famous-Netflix-Quotes-Arabic.jpg: 4
Brody,0.588226027303,topredict\unknown\Famous-Netflix-Quotes-Arabic.jpg: 5
fassbender,0.755675389945,topredict\unknown\Fergie-Josh-Duhamel-Separating-2017.jpg: 0
keira,0.750890137576,topredict\unknown\Fergie-Josh-Duhamel-Separating-2017.jpg: 1
leo,0.739130367414,topredict\unknown\Fergie-Quotes-About-Josh-Duhamel-Breakup-September-2017.jpg: 0
keira,0.742644620537,topredict\unknown\Fergie-Save-Til-Morning-Song-About-Josh-Duhamel.jpg: 0
fassbender,0.761958089938,topredict\unknown\Fergie-Save-Til-Morning-Song-About-Josh-Duhamel.jpg: 1
natalie,0.778388578163,topredict\unknown\Fergie-Talks-About-Josh-Duhamel-Wendy-Williams-Show.jpg: 0
derya,0.590515661627,topredict\unknown\Fifth-Harmony-Abu-Dhabi-2018.jpg: 0
derya,0.696278109771,topredict\unknown\Fifth-Harmony-Abu-Dhabi-2018.jpg: 1
clarke,0.788781171202,topredict\unknown\Fifth-Harmony-Abu-Dhabi-2018.jpg: 2
clarke,0.630192816718,topredict\unknown\Fifth-Harmony-Abu-Dhabi-2018.jpg: 3
brody,0.667949143598,topredict\unknown\Friendship-BetweenGeorge-W-Bush-Bill-Clinton.jpg: 0
keira,0.682832417337,topredict\unknown\Fun-Facts-About-Kate-Middleton.jpg: 0
abdullah,0.724255826604,topredict\unknown\Fun-Facts-About-Kate-Middleton.jpg: 1
Malik,0.724547319214,topredict\unknown\Game-Thrones-Season-8-Details.jpg: 0
derya,0.616106667177,topredict\unknown\George-Amal-Clooney-Amal-Mom-Red-Carpet.jpg: 0
keira,0.785246175292,topredict\unknown\George-Amal-Clooney-Amal-Mom-Red-Carpet.jpg: 1
Abdulrahman,0.650531722783,topredict\unknown\George-Amal-Clooney-Amal-Mom-Red-Carpet.jpg: 2
Abdulrahman,0.696098970393,topredict\unknown\George-Clooney-Gave-His-Friends-14-Million.jpg: 0
leo,0.642610918558,topredict\unknown\George-Clooney-Twins-Jimmy-Kimmel-Live-Video.jpg: 0
derya,0.56082309472,topredict\unknown\Gifts-Adele-Fans.jpg: 0
keira,0.668128819509,topredict\unknown\Gigi-Hadid-Lipstick-2017.jpg: 0
abdullah,0.688588904016,topredict\unknown\Gigi-Zayn-Eid-2017.jpg: 0
clarke,0.668126057591,topredict\unknown\Gigi-Zayn-Eid-2017.jpg: 1
natalie,0.672864022087,topredict\unknown\Gigi-Zayn-Eid-2017.jpg: 2
keira,0.681579326649,topredict\unknown\Gigi-Zayn-Eid-2017.jpg: 3
matt,0.687030022437,topredict\unknown\Golden-Globe-Nominations-2018.jpg: 0
morgan,0.700578342745,topredict\unknown\Grammy-Nominations-List-2018.jpg: 0
natalie,0.672440260817,topredict\unknown\Grey-Anatomy-Most-Memorable-Scenes.jpg: 0
abdullah,0.621314181599,topredict\unknown\Grey-Anatomy-Most-Memorable-Scenes.jpg: 1
clarke,0.792189615773,topredict\unknown\Gwendoline-Christie-Out-NYC-September-2017.jpg: 0
Malik,0.756219131205,topredict\unknown\Gwendoline-Christie-Out-NYC-September-2017.jpg: 1
abdullah,0.780699931141,topredict\unknown\Gwendoline-Christie-Out-NYC-September-2017.jpg: 2
abdullah,0.566721924531,topredict\unknown\Gwendoline-Christie-Out-NYC-September-2017.jpg: 3
derya,0.797890640027,topredict\unknown\Gwyneth-Jake-Paltrow.jpg: 0
hussam,0.685999839693,topredict\unknown\Gwyneth-Jake-Paltrow.jpg: 1
keira,0.760486762733,topredict\unknown\Gwyneth-Paltrow-Brad-Falchuk-Engaged.jpg: 0
keira,0.787294933191,topredict\unknown\Halle-Berry-Photos.jpg: 0
derya,0.66338378147,topredict\unknown\Halle-Berry-Photos.jpg: 1
kit,0.722547032756,topredict\unknown\Harvey-Weinstein-His-Wife-Separate.jpg: 0
natalie,0.704957212011,topredict\unknown\Harvey-Weinstein-His-Wife-Separate.jpg: 1
fassbender,0.695757152345,topredict\unknown\Has-Julio-Iglesias-Met-Anna-Kournikova.jpg: 0
derya,0.747168580122,topredict\unknown\Has-Julio-Iglesias-Met-Anna-Kournikova.jpg: 1
clarke,0.709599925215,topredict\unknown\Has-Meghan-Markle-Met-Queen-Elizabeth-II.jpg: 0
morgan,0.652934854758,topredict\unknown\Heidi-Klum-Halloween-Costumes.jpg: 0
keira,0.731159160504,topredict\unknown\Heidi-Montag-Spencer-Pratt-Welcome-First-Child.jpg: 0
kit,0.726760877618,topredict\unknown\Heidi-Montag-Spencer-Pratt-Welcome-First-Child.jpg: 1
keira,0.673917653398,topredict\unknown\Hilarie-Burton-Accuses-Ben-Affleck-Groping-Her.jpg: 0
Brody,0.656027011242,topredict\unknown\Hot-Robert-Pattinson-Pictures.jpg: 0
clarke,0.517095012992,topredict\unknown\How-Did-Kit-Harington-Emilia-Clarke-Meet.jpg: 0
kit,0.391113321599,topredict\unknown\How-Did-Kit-Harington-Emilia-Clarke-Meet.jpg: 1
Abdulrahman,0.658594843704,topredict\unknown\How-Did-Kit-Harington-Emilia-Clarke-Meet.jpg: 2
leo,0.655038470583,topredict\unknown\How-Did-Kit-Harington-Emilia-Clarke-Meet.jpg: 3
natalie,0.712356706538,topredict\unknown\How-Did-Kylie-Jenner-Meet-Travis-Scott.jpg: 0
matt,0.709061920826,topredict\unknown\How-Did-Kylie-Jenner-Meet-Travis-Scott.jpg: 1
Malik,0.659028826825,topredict\unknown\How-Did-Kylie-Jenner-Meet-Travis-Scott.jpg: 2
clarke,0.629921931316,topredict\unknown\How-Did-Prince-Harry-Propose-Meghan-Markle.jpg: 0
abdullah,0.698483515837,topredict\unknown\How-Many-Children-Does-Nicole-Kidman-Have.jpg: 0
keira,0.750334850598,topredict\unknown\How-Many-Children-Does-Nicole-Kidman-Have.jpg: 1
hussam,0.641316883724,topredict\unknown\How-Many-Children-Does-Nicole-Kidman-Have.jpg: 2
leo,0.679845790019,topredict\unknown\How-Many-Kids-Does-Diana-Ross-Have.jpg: 0
natalie,0.690466496998,topredict\unknown\How-Many-Kids-Does-Diana-Ross-Have.jpg: 1
abdullah,0.636243276158,topredict\unknown\How-Many-Kids-Does-Diana-Ross-Have.jpg: 2
clarke,0.71907123845,topredict\unknown\How-Many-Kids-Does-Diana-Ross-Have.jpg: 3
keira,0.697705524288,topredict\unknown\How-Many-Kids-Does-Diana-Ross-Have.jpg: 4
hussam,0.672321667857,topredict\unknown\How-Many-Kids-Does-Diana-Ross-Have.jpg: 5
morgan,0.597446304753,topredict\unknown\How-Many-Kids-Does-Diana-Ross-Have.jpg: 6
leo,0.732644230306,topredict\unknown\How-Many-Kids-Does-Diana-Ross-Have.jpg: 7
clarke,0.714463835805,topredict\unknown\How-Many-Kids-Does-Diana-Ross-Have.jpg: 8
clarke,0.715719890865,topredict\unknown\How-Many-Kids-Does-Diana-Ross-Have.jpg: 9
Abdulrahman,0.719736586731,topredict\unknown\How-Many-Kids-Does-Diana-Ross-Have.jpg: 10
Abdulrahman,0.713614020385,topredict\unknown\How-Many-Kids-Does-Diana-Ross-Have.jpg: 11
hussam,0.692550106265,topredict\unknown\How-Many-Kids-Does-Diana-Ross-Have.jpg: 12
derya,0.776971536419,topredict\unknown\How-Many-Kids-Does-Diana-Ross-Have.jpg: 13
leo,0.697647496326,topredict\unknown\How-Many-Times-Have-Selena-Gomez-Justin-Bieber-Broken-Up.jpg: 0
derya,0.713841508154,topredict\unknown\How-Many-Times-Have-Selena-Gomez-Justin-Bieber-Broken-Up.jpg: 1
clarke,0.72359551511,topredict\unknown\How-Old-Jane-Fonda.jpg: 0
Malik,0.688321002798,topredict\unknown\How-Prince-Harry-Meghan-Markle-Engagement-Different.jpg: 0
clarke,0.718018952404,topredict\unknown\How-Prince-Harry-Meghan-Markle-Engagement-Different.jpg: 1
Malik,0.638954056354,topredict\unknown\How-Royal-Couples-Have-Met.jpg: 0
keira,0.660962730748,topredict\unknown\How-Royal-Couples-Have-Met.jpg: 1
keira,0.736368444929,topredict\unknown\How-Well-Do-Queen-Elizabeth-II-Camilla-Get-Along.jpg: 0
abdullah,0.639414007422,topredict\unknown\Huda-Kattan-Most-Watched-Instagram-Stories-2017-UAE.jpg: 0
matt,0.732887181432,topredict\unknown\hugh-Hefner-Cause-Death.jpg: 0
fassbender,0.751627605894,topredict\unknown\Hugh-Hefner-Dies.jpg: 0
Brody,0.586084743997,topredict\unknown\Hugh-Jackman-Zac-Efron-Greatest-Showman-Premiere.jpg: 0
Malik,0.713211346958,topredict\unknown\Hugh-Jackman-Zac-Efron-Greatest-Showman-Premiere.jpg: 1
kit,0.647225160621,topredict\unknown\Ian-Somerhalder-Nikki-Reed-Elle-Event-LA.jpg: 0
keira,0.606886360157,topredict\unknown\Ian-Somerhalder-Nikki-Reed-Elle-Event-LA.jpg: 1
clarke,0.720675577488,topredict\unknown\Ian-Somerhalder-Nikki-Reed-Elle-Event-LA.jpg: 2
leo,0.71335730673,topredict\unknown\Ian-Somerhalder-Nikki-Reed-Elle-Event-LA.jpg: 3
Malik,0.663460828778,topredict\unknown\Internet-Reactions-Taylor-Swift-New-Song.jpg: 0
abdullah,0.660510507882,topredict\unknown\Internet-Reactions-Taylor-Swift-New-Song.jpg: 1
morgan,0.663527012876,topredict\unknown\Internet-Reactions-Taylor-Swift-New-Song.jpg: 2
abdullah,0.680502852249,topredict\unknown\Internet-Reactions-Taylor-Swift-New-Song.jpg: 3
hussam,0.760568395249,topredict\unknown\Jackie-Hoffman-Reacting-Her-Emmy-Loss-2017.jpg: 0
morgan,0.704084515948,topredict\unknown\Jaden-Smith-Bright-Premiere-LA-2017.jpg: 0
Brody,0.655915435927,topredict\unknown\Jaden-Smith-Bright-Premiere-LA-2017.jpg: 1
clarke,0.664886507569,topredict\unknown\Jaden-Smith-Bright-Premiere-LA-2017.jpg: 2
abdullah,0.634518870458,topredict\unknown\Jaden-Smith-Bright-Premiere-LA-2017.jpg: 3
hussam,0.6764794019,topredict\unknown\Jaden-Smith-Bright-Premiere-LA-2017.jpg: 4
Abdulrahman,0.591910274558,topredict\unknown\Jaden-Smith-Bright-Premiere-LA-2017.jpg: 5
Abdulrahman,0.620231708164,topredict\unknown\James-Corden-Julia-Carey-2017-Emmys.jpg: 0
Abdulrahman,0.720902094473,topredict\unknown\James-Corden-Julia-Carey-Welcome-Third-Child.jpg: 0
keira,0.70262735099,topredict\unknown\James-Corden-Julia-Carey-Welcome-Third-Child.jpg: 1
matt,0.653261134516,topredict\unknown\James-Dave-Tom-Franco.jpg: 0
leo,0.672786617276,topredict\unknown\James-Dave-Tom-Franco.jpg: 1
matt,0.657777589535,topredict\unknown\James-Dave-Tom-Franco.jpg: 2
fassbender,0.659552229435,topredict\unknown\James-McAvoy-Looking-Buff-Philadelphia-2017.jpg: 0
morgan,0.71221721344,topredict\unknown\Janet-Jackson-Jermaine-Dupri-Back-Together.jpg: 0
abdullah,0.864316202833,topredict\unknown\Janet-Jackson-Jermaine-Dupri-Back-Together.jpg: 1
Malik,0.680328346618,topredict\unknown\Jared-Shannon-Leto.jpg: 0
Abdulrahman,0.687407908634,topredict\unknown\Jared-Shannon-Leto.jpg: 1
morgan,0.624369181991,topredict\unknown\JAY-Z-Admits-Cheating-Beyonce.jpg: 0
abdullah,0.746168269743,topredict\unknown\JAY-Z-Admits-Cheating-Beyonce.jpg: 1
leo,0.718627886291,topredict\unknown\JAY-Z-Admits-Cheating-Beyonce.jpg: 2
abdullah,0.648057976874,topredict\unknown\Jeffrey-Dean-Morgan-Hilarie-Burton-Emmys-2017.jpg: 0
keira,0.684470373819,topredict\unknown\Jeffrey-Dean-Morgan-Hilarie-Burton-Emmys-2017.jpg: 1
keira,0.681740089035,topredict\unknown\Jennifer-Garner-Quotes-Dating-After-Ben-Affleck-Split.jpg: 0
fassbender,0.690260227396,topredict\unknown\Jennifer-Lawrence-Quotes-About-Dating-Darren-Aronofsky-2017.jpg: 0
clarke,0.748975772441,topredict\unknown\Jennifer-Lawrence-Quotes-About-Dating-Darren-Aronofsky-2017.jpg: 1
natalie,0.679938928498,topredict\unknown\Jennifer-Lawrence-Sexy-Photos.jpg: 0
keira,0.675642150355,topredict\unknown\Jennifer-Lopez-Alex-Rodriguez-Dubai-Pictures.jpg: 0
hussam,0.705659845412,topredict\unknown\Jennifer-Lopez-Alex-Rodriguez-Dubai-Pictures.jpg: 1
keira,0.711117076696,topredict\unknown\Jennifer-Lopez-Dubai-Performance-2017.jpg: 0
keira,0.702863773018,topredict\unknown\Jennifer-Lopez-Leah-Remini-Filming-Second-Act-Pictures.jpg: 0
keira,0.687654116256,topredict\unknown\Jennifer-Lopez-Leah-Remini-Filming-Second-Act-Pictures.jpg: 1
keira,0.717939270255,topredict\unknown\Jennifer-Lopez-Leah-Remini-Second-Act-Movie-Details.jpg: 0
derya,0.681939697668,topredict\unknown\Jennifer-Lopez-Leah-Remini-Second-Act-Movie-Details.jpg: 1
hussam,0.639343024954,topredict\unknown\Jennifer-Lopez-Marc-Anthony-Somos-Una-Voz-Alliance.jpg: 0
keira,0.699357604579,topredict\unknown\Jennifer-Lopez-Marc-Anthony-Somos-Una-Voz-Alliance.jpg: 1
keira,0.643659953866,topredict\unknown\Jennifer-Lopez-Perform-Intimate-Dinner-Dubai.jpg: 0
keira,0.605839460908,topredict\unknown\Jennifer-Lopez-Somos-Una-Voz-Benefit-Concert.jpg: 0
leo,0.704077025066,topredict\unknown\Jennifer-Lopez-Somos-Una-Voz-Benefit-Concert.jpg: 1
abdullah,0.591135052218,topredict\unknown\Jennifer-Lopez-Twins-First-Day-School-Photo-2017.jpg: 0
abdullah,0.650665780646,topredict\unknown\Jennifer-Lopez-Twins-First-Day-School-Photo-2017.jpg: 1
derya,0.737512092432,topredict\unknown\Jenny-Joanne-Amy-McCarthy.jpg: 0
derya,0.720480741264,topredict\unknown\Jenny-Joanne-Amy-McCarthy.jpg: 1
fassbender,0.676501509715,topredict\unknown\Jersey-Shore-Reboot-Details.jpg: 0
keira,0.691409589699,topredict\unknown\Jersey-Shore-Reboot-Details.jpg: 1
leo,0.718719172594,topredict\unknown\Jersey-Shore-Reboot-Details.jpg: 2
abdullah,0.656722755515,topredict\unknown\Jersey-Shore-Reboot-Details.jpg: 3
derya,0.678833902941,topredict\unknown\Jersey-Shore-Reboot-Details.jpg: 4
hussam,0.663448407691,topredict\unknown\Jersey-Shore-Reboot-Details.jpg: 5
derya,0.734890162175,topredict\unknown\Jersey-Shore-Reboot-Details.jpg: 6
clarke,0.681953530448,topredict\unknown\Jessica-Alba-Rachel-Zoe-Event-2017-September.jpg: 0
leo,0.79052138804,topredict\unknown\Jessica-Alba-Rachel-Zoe-Event-2017-September.jpg: 1
leo,0.748460449184,topredict\unknown\Jessica-Joshua-Alba.jpg: 0
keira,0.66446829276,topredict\unknown\Jessica-Joshua-Alba.jpg: 1
abdullah,0.736653274859,topredict\unknown\Jimmy-Kimmel-Reacts-Las-Vegas.jpg: 0
Abdulrahman,0.707745476929,topredict\unknown\JK-Rowling-Made-Companion-Honor-Prince-William(1).jpg: 0
matt,0.774836540301,topredict\unknown\JK-Rowling-Made-Companion-Honor-Prince-William(1).jpg: 1
brody,0.772080387353,topredict\unknown\JK-Rowling-Made-Companion-Honor-Prince-William.jpg: 0
derya,0.663090597312,topredict\unknown\Joe-Jonas-Sophie-Turner-Engaged.jpg: 0
leo,0.650585503619,topredict\unknown\Joe-Jonas-Sophie-Turner-Engaged.jpg: 1
leo,0.729665296836,topredict\unknown\Joe-Keery-Sexy-Pictures.jpg: 0
hussam,0.717138381948,topredict\unknown\Joe-Keery-Single.jpg: 0
keira,0.671012639793,topredict\unknown\Joe-Keery-Single.jpg: 1
morgan,0.707970721526,topredict\unknown\John-Legend-Talks-About-Break-Up-Chrissy-Teigen.jpg: 0
hussam,0.66346596407,topredict\unknown\John-Mayer-Hospitalized-2017.jpg: 0
keira,0.707300371967,topredict\unknown\John-Stamos-Engaged-Caitlin-McHugh.jpg: 0
matt,0.668809852563,topredict\unknown\John-Stamos-Engaged-Caitlin-McHugh.jpg: 1
leo,0.683725772152,topredict\unknown\John-Stamos-Engaged-Caitlin-McHugh.jpg: 2
derya,0.656440547339,topredict\unknown\John-Stamos-Engaged-Caitlin-McHugh.jpg: 3
hussam,0.701166479274,topredict\unknown\John-Stamos-Engaged-Caitlin-McHugh.jpg: 4
keira,0.678260592734,topredict\unknown\John-Stamos-Engaged-Caitlin-McHugh.jpg: 5
Abdulrahman,0.662022327538,topredict\unknown\John-Stamos-Engaged-Caitlin-McHugh.jpg: 6
fassbender,0.669129104863,topredict\unknown\John-Travolta-Talks-Entertainment-Saudi-Arabia.jpg: 0
abdullah,0.654585871941,topredict\unknown\John-Travolta-Talks-Entertainment-Saudi-Arabia.jpg: 1
matt,0.667479724062,topredict\unknown\Jon-Dan-Heder.jpg: 0
matt,0.66662813126,topredict\unknown\Jon-Dan-Heder.jpg: 1
keira,0.737855512291,topredict\unknown\Jude-Law-Kate-Winslet-Wonder-Wheel-Screening.jpg: 0
matt,0.690548039665,topredict\unknown\Jude-Law-Kate-Winslet-Wonder-Wheel-Screening.jpg: 1
Abdulrahman,0.711959355741,topredict\unknown\Jude-Law-Kate-Winslet-Wonder-Wheel-Screening.jpg: 2
abdullah,0.740582661487,topredict\unknown\Julia-Louis-Dreyfus-Diagnosed-Breast-Cancer.jpg: 0
fassbender,0.677956737484,topredict\unknown\Justice-League-Stills.jpg: 0
keira,0.667832527868,topredict\unknown\Justice-League-Stills.jpg: 1
Brody,0.701409391696,topredict\unknown\Justice-League-Stills.jpg: 2
derya,0.67883389874,topredict\unknown\Justin-Bieber-Mom-Pattie-Mallette-Quotes-About-Selena-Gomez.jpg: 0
hussam,0.726230383721,topredict\unknown\Justin-Bieber-Mom-Pattie-Mallette-Quotes-About-Selena-Gomez.jpg: 1
leo,0.739202060746,topredict\unknown\Justin-Bieber-Selena-Gomez-Breakfast-Outing.jpg: 0
derya,0.751708588261,topredict\unknown\Justin-Bieber-Selena-Gomez-Breakfast-Outing.jpg: 1
leo,0.700507448508,topredict\unknown\Justin-Bieber-Stomach-Tattoo-Photos.jpg: 0
matt,0.692818971048,topredict\unknown\Justin-Hartley-Marries-Chrishell-Stause-Us.jpg: 0
derya,0.698521938232,topredict\unknown\Justin-Hartley-Marries-Chrishell-Stause-Us.jpg: 1
fassbender,0.744505401675,topredict\unknown\Justin-Theroux-Cameo-Star-Wars-Last-Jedi.jpg: 0
Malik,0.683931946227,topredict\unknown\Justin-Timberlake-Celebrate-Wedding-Anniversary.jpg: 0
keira,0.686435602983,topredict\unknown\Justin-Timberlake-Celebrate-Wedding-Anniversary.jpg: 1
matt,0.659219057917,topredict\unknown\Kaley-Cuoco-Engaged-Karl-Cook.jpg: 0
keira,0.647474912584,topredict\unknown\Kardashian-Family-Christmas-Pictures.jpg: 0
keira,0.717473175804,topredict\unknown\Kardashian-Family-Christmas-Pictures.jpg: 1
natalie,0.727020455535,topredict\unknown\Kardashian-Family-Christmas-Pictures.jpg: 2
natalie,0.686746743851,topredict\unknown\Kardashian-Family-Christmas-Pictures.jpg: 3
derya,0.704599606248,topredict\unknown\Kate-Hudson-Michael-Kors-Watch-Hunger-Stop-Cambodia-Trip.jpg: 0
abdullah,0.702108656893,topredict\unknown\Kate-Hudson-Michael-Kors-Watch-Hunger-Stop-Cambodia-Trip.jpg: 1
matt,0.650247716021,topredict\unknown\Kate-Middleton-Dancing-Paddington-Bear.jpg: 0
keira,0.710594454843,topredict\unknown\Kate-Middleton-Dancing-Paddington-Bear.jpg: 1
clarke,0.726545652187,topredict\unknown\Kate-Middleton-Dancing-Paddington-Bear.jpg: 2
natalie,0.763492515865,topredict\unknown\Kate-Middleton-Friends.jpg: 0
derya,0.772309084493,topredict\unknown\Kate-Middleton-Friends.jpg: 1
Abdulrahman,0.720046280689,topredict\unknown\Kate-Middleton-Friends.jpg: 2
hussam,0.603559958124,topredict\unknown\Kate-Middleton-Friends.jpg: 3
keira,0.653614389729,topredict\unknown\Kate-Middleton-Holiday-Style-Inspiration.jpg: 0
Malik,0.620274098873,topredict\unknown\Kate-Middleton-Little-Boy-Portobello-Trust-Dec-2017.jpg: 0
abdullah,0.728517858101,topredict\unknown\Kate-Middleton-Little-Boy-Portobello-Trust-Dec-2017.jpg: 1
keira,0.724141417047,topredict\unknown\Kate-Middleton-Magic-Mums-Christmas-Party-2017.jpg: 0
keira,0.709656693236,topredict\unknown\Kate-Middleton-Meghan-Markle-Bridesmaid.jpg: 0
keira,0.695095844299,topredict\unknown\Kate-Middleton-Pregnant-Her-Third-Child.jpg: 0
matt,0.691828197847,topredict\unknown\Kate-Middleton-Pregnant-Her-Third-Child.jpg: 1
keira,0.704235675421,topredict\unknown\Kate-Middleton-Pregnant-Third-Child.jpg: 0
clarke,0.71607549863,topredict\unknown\Kate-Middleton-Prince-William-Reaction-Harry-Engagement.jpg: 0
Malik,0.681161557676,topredict\unknown\Kate-Middleton-Prince-William-Reaction-Harry-Engagement.jpg: 1
matt,0.713055990618,topredict\unknown\Kate-Middleton-Prince-William-Reaction-Harry-Engagement.jpg: 2
fassbender,0.676174813529,topredict\unknown\Kate-Oliver-Hudson.jpg: 0
keira,0.733632112016,topredict\unknown\Kate-Oliver-Hudson.jpg: 1
Malik,0.6438467537,topredict\unknown\Kate-Pippa-James-Middleton.jpg: 0
keira,0.721484693735,topredict\unknown\Kate-Winslet-Idris-Elba-Talk-About-Sex-Scene-Video.jpg: 0
morgan,0.638761623229,topredict\unknown\Kate-Winslet-Idris-Elba-Talk-About-Sex-Scene-Video.jpg: 1
Abdulrahman,0.750871508132,topredict\unknown\Katie-Cassidy-Tweet-About-David-Cassidy-Death.jpg: 0
derya,0.70508311812,topredict\unknown\Katie-Cassidy-Tweet-About-David-Cassidy-Death.jpg: 1
clarke,0.727208869399,topredict\unknown\Katie-Holmes-Jamie-Foxx-Prive-Revaux-Store-Opening.jpg: 0
natalie,0.682551594215,topredict\unknown\Katie-Holmes-Suri-Cruise-Knicks-Game-December-2017.jpg: 0
keira,0.714754926206,topredict\unknown\Katie-Holmes-Suri-Cruise-Knicks-Game-December-2017.jpg: 1
hussam,0.701169129666,topredict\unknown\Katie-Holmes-Suri-Cruise-Knicks-Game-December-2017.jpg: 2
natalie,0.688741119918,topredict\unknown\Katie-Holmes-Suri-Cruise-Knicks-Game-December-2017.jpg: 3
keira,0.693735173987,topredict\unknown\Katie-Holmes-US-Open-2017.jpg: 0
clarke,0.670061164856,topredict\unknown\Katy-Perry-Abu-Dhabi-New-Year-Eve-2017-Gig.jpg: 0
derya,0.731790169003,topredict\unknown\Keeping-Up-Kardashians-10th-Anniversary-Special.jpg: 0
keira,0.700064390269,topredict\unknown\Keeping-Up-Kardashians-10th-Anniversary-Special.jpg: 1
keira,0.6949052803,topredict\unknown\Keeping-Up-Kardashians-10th-Anniversary-Special.jpg: 2
derya,0.670867769884,topredict\unknown\Keeping-Up-Kardashians-10th-Anniversary-Special.jpg: 3
clarke,0.645674739474,topredict\unknown\Kesha-Headline-Day-2-RedFest-DXB.jpg: 0
keira,0.760248963669,topredict\unknown\Khloe-Kardashian-Good-American-Event-October-2017.jpg: 0
keira,0.684645729237,topredict\unknown\Khloe-Kardashian-Pregnant-2017.jpg: 0
morgan,0.694846259096,topredict\unknown\Kim-Kardashian-Kanye-West-Cars-Burglarized.jpg: 0
natalie,0.710403217671,topredict\unknown\Kim-Kardashian-Kanye-West-Cars-Burglarized.jpg: 1
morgan,0.657739055621,topredict\unknown\Kim-Kardashian-Kanye-West-Expecting-Third-Child.jpg: 0
derya,0.679357647826,topredict\unknown\Kim-Kardashian-Kanye-West-Expecting-Third-Child.jpg: 1
matt,0.683907840085,topredict\unknown\King-Salman-Most-Retweeted-Person-Saudi-Arabia-2017.jpg: 0
morgan,0.65681200439,topredict\unknown\King-Salman-Most-Retweeted-Person-Saudi-Arabia-2017.jpg: 1
kit,0.756875302082,topredict\unknown\Kirsten-Dunst-Pregnant-First-Child.jpg: 0
clarke,0.741195133489,topredict\unknown\Kirsten-Dunst-Pregnant-First-Child.jpg: 1
natalie,0.674883343626,topredict\unknown\Kit-Harington-Cutest-Quotes-About-Rose-Leslie.jpg: 0
Malik,0.575982454464,topredict\unknown\Kit-Harington-Cutest-Quotes-About-Rose-Leslie.jpg: 1
kit,0.344417473112,topredict\unknown\Kit-Harington-Rose-Leslie-Engaged.jpg: 0
keira,0.699528292689,topredict\unknown\Kit-Harington-Rose-Leslie-Engaged.jpg: 1
keira,0.676345962257,topredict\unknown\Kourtney-Kardashian-Pretty-Little-Thing-Clothing-Line.jpg: 0
keira,0.76529332372,topredict\unknown\Kristen-Bell-Hurricane-Irma-Pictures.jpg: 0
matt,0.75636685424,topredict\unknown\Kristen-Bell-Hurricane-Irma-Pictures.jpg: 1
Abdulrahman,0.662359899431,topredict\unknown\Kristen-Bell-Quotes-About-Dax-Shepard-August-2017.jpg: 0
natalie,0.755678199929,topredict\unknown\Kristen-Bell-Quotes-About-Dax-Shepard-August-2017.jpg: 1
abdullah,0.692559209797,topredict\unknown\Kylie-Jenner-Aunt-Moments.jpg: 0
kit,0.676712942122,topredict\unknown\Kylie-Jenner-Aunt-Moments.jpg: 1
clarke,0.700747183673,topredict\unknown\Kylie-Jenner-Aunt-Moments.jpg: 2
derya,0.667185717704,topredict\unknown\Kylie-Jenner-Pregnant.jpg: 0
derya,0.636431525706,topredict\unknown\Lady-Gaga-Looks-Like-Angelina-Jolie-Tudor-Watch-Campaign.jpg: 0
derya,0.648083399189,topredict\unknown\Lady-Gaga-Madonna-Feud.jpg: 0
derya,0.677605610083,topredict\unknown\Lady-Gaga-Performing-Rain-Concert-Video.jpg: 0
derya,0.666686505222,topredict\unknown\Lady-Gaga-Talks-About-Her-Feud-Madonna-September-2017.jpg: 0
derya,0.694042193936,topredict\unknown\Lady-Gaga-Tribute-Sonja-Durham-Her-Birthday.jpg: 0
keira,0.667780547468,topredict\unknown\Lana-Del-Rey-Chuck-Grant.jpg: 0
derya,0.674834039013,topredict\unknown\Lana-Del-Rey-Chuck-Grant.jpg: 1
clarke,0.629838121993,topredict\unknown\Lauren-Conrad-Kohl-Event-LA-September-2017.jpg: 0
morgan,0.725421031514,topredict\unknown\Lena-Waithe.jpg: 0
leo,0.406084969963,topredict\unknown\Leonardo-DiCaprio-Donation-Climate-Change.jpg: 0
clarke,0.629692594835,topredict\unknown\Liam-Hemsworth-Miley-Cyrus-Out-NYC-November-2017.jpg: 0
hussam,0.736732979721,topredict\unknown\Liam-Hemsworth-Miley-Cyrus-Out-NYC-November-2017.jpg: 1
fassbender,0.699689523723,topredict\unknown\Liev-Pablo-Schreiber.jpg: 0
abdullah,0.695002563387,topredict\unknown\Liev-Schreiber-Son-2017-Emmys.jpg: 0
keira,0.712633945745,topredict\unknown\Liev-Schreiber-Son-2017-Emmys.jpg: 1
natalie,0.713163936351,topredict\unknown\Lindsay-Lohan-Defends-Harvey-Weinstein-Dubai.jpg: 0
hussam,0.797098623934,topredict\unknown\Lionel-Richie-Talks-About-Sofia-Dating-Scott-Disick.jpg: 0
natalie,0.716167775485,topredict\unknown\Lionel-Richie-Talks-About-Sofia-Dating-Scott-Disick.jpg: 1
hussam,0.610163033918,topredict\unknown\Lionel-Richie-Talks-About-Sofia-Dating-Scott-Disick.jpg: 2
morgan,0.592528797901,topredict\unknown\Lionel-Richie-Talks-About-Sofia-Dating-Scott-Disick.jpg: 3
leo,0.638939405367,topredict\unknown\Lionel-Richie-Talks-About-Sofia-Dating-Scott-Disick.jpg: 4
derya,0.656066838212,topredict\unknown\Lisa-Marie-Presley-Family-Pictures.jpg: 0
clarke,0.704534883826,topredict\unknown\Lisa-Marie-Presley-Family-Pictures.jpg: 1
leo,0.729769321609,topredict\unknown\Lisa-Marie-Presley-Family-Pictures.jpg: 2
derya,0.74136747519,topredict\unknown\Lisa-Marie-Presley-Her-Daughters-Red-Carpet-2017.jpg: 0
natalie,0.691320677415,topredict\unknown\Lisa-Marie-Presley-Her-Daughters-Red-Carpet-2017.jpg: 1
keira,0.744366810486,topredict\unknown\Liv-Mia-Tyler.jpg: 0
natalie,0.715369605622,topredict\unknown\Liv-Mia-Tyler.jpg: 1
derya,0.736017091128,topredict\unknown\Lori-Loughlin-Her-Daughters-2017-Teen-Choice-Awards.jpg: 0
natalie,0.707618621088,topredict\unknown\Lori-Loughlin-Her-Daughters-2017-Teen-Choice-Awards.jpg: 1
keira,0.80047584058,topredict\unknown\Lori-Loughlin-Her-Daughters-2017-Teen-Choice-Awards.jpg: 2
derya,0.667202666226,topredict\unknown\Maddox-Jolie-Pitt-Quotes-About-Angelina-September-2017.jpg: 0
abdullah,0.642680498932,topredict\unknown\Maddox-Jolie-Pitt-Quotes-About-Angelina-September-2017.jpg: 1
abdullah,0.694217548159,topredict\unknown\Malala-Reveals-Shell-Study-Oxford.jpg: 0
derya,0.751189867167,topredict\unknown\Mandy-Moore-2017-Emmys.jpg: 0
keira,0.705667228212,topredict\unknown\Mariah-Carey-All-I-Want-Christmas-Hits-Billboard-Chart.jpg: 0
keira,0.758356513559,topredict\unknown\Mariah-Carey-Wearing-James-Packer-Engagement-Ring.jpg: 0
derya,0.635689096616,topredict\unknown\Matt-Damon-Thor-Premiere-After-Harvey-Weinstein-Scandal.jpg: 0
natalie,0.76599335165,topredict\unknown\Mean-Girls-Where.jpg: 0
clarke,0.67846930062,topredict\unknown\Mean-Girls-Where.jpg: 1
kit,0.630719207542,topredict\unknown\Mean-Girls-Where.jpg: 2
derya,0.693564157438,topredict\unknown\Meghan-Markle-London-Her-Engagement.jpg: 0
Malik,0.707956240773,topredict\unknown\Meghan-Markle-Princess.jpg: 0
clarke,0.73536561882,topredict\unknown\Meghan-Markle-Princess.jpg: 1
matt,0.736588356106,topredict\unknown\Meryl-Streep-Speaks-About-Harvey-Weinstein.jpg: 0
fassbender,0.508934867071,topredict\unknown\Michael-Fassbender-Alicia-Vikander-Married.jpg: 0
keira,0.67602363466,topredict\unknown\Michael-Fassbender-Alicia-Vikander-Married.jpg: 1
derya,0.687800964209,topredict\unknown\Michael-Fassbender-Alicia-Vikander-Married.jpg: 2
derya,0.68422568619,topredict\unknown\Michael-Fassbender-Alicia-Vikander-Married.jpg: 3
abdullah,0.607174506837,topredict\unknown\Michael-Phelps-Opens-Under-Armor-Dubai-Mall.jpg: 0
matt,0.72311679656,topredict\unknown\Michael-Phelps-Opens-Under-Armor-Dubai-Mall.jpg: 1
abdullah,0.677515026047,topredict\unknown\Michael-Phelps-Opens-Under-Armor-Dubai-Mall.jpg: 2
morgan,0.689196027386,topredict\unknown\Mike-Epps-Dons-Traditional-Emirati-Clothes-Abu-Dhabi.jpg: 0
matt,0.719983921293,topredict\unknown\Mike-Tindall-Quotes-About-Meghan-Markle-August-2017.jpg: 0
fassbender,0.72262487675,topredict\unknown\Mike-Tindall-Quotes-About-Meghan-Markle-August-2017.jpg: 1
derya,0.620388097714,topredict\unknown\Miley-Cyrus-Adam-Sandler-Vegas-2017.jpg: 0
matt,0.648098722485,topredict\unknown\Miley-Cyrus-Adam-Sandler-Vegas-2017.jpg: 1
clarke,0.614316011768,topredict\unknown\Miley-Cyrus-Birthday-Present-From-Liam-Hemsworth.jpg: 0
fassbender,0.693650466325,topredict\unknown\Miley-Cyrus-Birthday-Present-From-Liam-Hemsworth.jpg: 1
clarke,0.651385376065,topredict\unknown\Miley-Cyrus-Halloween-Costumes-Over-Years.jpg: 0
derya,0.646877168073,topredict\unknown\Miley-Cyrus-Liam-Hemsworth-Thor-Ragnarok-Premiere.jpg: 0
fassbender,0.695857444407,topredict\unknown\Miley-Cyrus-Liam-Hemsworth-Thor-Ragnarok-Premiere.jpg: 1
keira,0.71047606443,topredict\unknown\Millie-Bobby-Brown-Stranger-Things-Season-2-Premiere.jpg: 0
abdullah,0.738072212473,topredict\unknown\Mindy-Kaling-First-Child-Boy-Girl.jpg: 0
clarke,0.728927654448,topredict\unknown\Mindy-Kaling-Sunday-Today-Interview-August-2017.jpg: 0
derya,0.642410830124,topredict\unknown\Minka-Kelly-Quotes-About-Jesse-Williams-Cheating-Rumors.jpg: 0
derya,0.687750368297,topredict\unknown\Minnie-Driver-Matt-Damon-Sexual-Harassment-Quotes.jpg: 0
abdullah,0.697459123783,topredict\unknown\Modern-Family-Jeremy-Maguire-Emmy-Red-Carpet.jpg: 0
Abdulrahman,0.711977234904,topredict\unknown\Mohamed-Henedy-Most-Retweeted-Person-Egypt-2017.jpg: 0
abdullah,0.644854364148,topredict\unknown\Money-Kicks-Opens-Online-Store.jpg: 0
abdullah,0.583696153825,topredict\unknown\Money-Kicks-Sneaker-Collection.jpg: 0
morgan,0.710554030757,topredict\unknown\Most-Extravagant-Celebrity-Holiday-Gifts.jpg: 0
clarke,0.654989989419,topredict\unknown\Most-Popular-Netflix-Shows.jpg: 0
keira,0.808001864787,topredict\unknown\Most-Popular-Netflix-Shows.jpg: 1
Brody,0.705412896154,topredict\unknown\Mumford-Sons-Headline-Abu-Dhabi-Grand-Prix-2017-Gigs.jpg: 0
abdullah,0.71577113527,topredict\unknown\Netflix-Most-Binged-Raced-Shows-UAE-Saudi-Arabia.jpg: 0
clarke,0.716149579158,topredict\unknown\Netflix-Most-Binged-Raced-Shows-UAE-Saudi-Arabia.jpg: 1
derya,0.63622600847,topredict\unknown\New-Netflix-Middle-East-December-2017.jpg: 0
kit,0.693692510164,topredict\unknown\New-NSYNC-Merchandise-2018.jpg: 0
abdullah,0.586039213718,topredict\unknown\New-NSYNC-Merchandise-2018.jpg: 1
matt,0.677810947904,topredict\unknown\New-NSYNC-Merchandise-2018.jpg: 2
Malik,0.71345746244,topredict\unknown\New-NSYNC-Merchandise-2018.jpg: 3
derya,0.722279883699,topredict\unknown\New-NSYNC-Merchandise-2018.jpg: 4
Abdulrahman,0.66597830502,topredict\unknown\New-Shows-Movies-OSN-December-2017.jpg: 0
matt,0.608935566981,topredict\unknown\New-Shows-Movies-OSN-December-2017.jpg: 1
keira,0.644753416524,topredict\unknown\New-Shows-Movies-OSN-December-2017.jpg: 2
natalie,0.617007061028,topredict\unknown\New-Shows-Movies-OSN-December-2017.jpg: 3
abdullah,0.669239279864,topredict\unknown\Niall-Horan-Coming-Dubai.jpg: 0
hussam,0.697465303214,topredict\unknown\Niall-Horan-Coming-Dubai.jpg: 1
keira,0.689857486277,topredict\unknown\Nicole-Kidman-Keith-Urban-2017-Emmys.jpg: 0
matt,0.62013572499,topredict\unknown\Nicole-Kidman-Keith-Urban-2017-Emmys.jpg: 1
matt,0.62109417623,topredict\unknown\Nicole-Kidman-Keith-Urban-Glamour-Women-Year-2017.jpg: 0
Abdulrahman,0.773862739982,topredict\unknown\Nicole-Kidman-Keith-Urban-Glamour-Women-Year-2017.jpg: 1
Malik,0.657657986824,topredict\unknown\Nicole-Kidman-Talks-About-Adult-Children.jpg: 0
keira,0.678268125026,topredict\unknown\Nicole-Kidman-Talks-About-Adult-Children.jpg: 1
Abdulrahman,0.655447951305,topredict\unknown\Nicole-Kidman-Talks-About-Adult-Children.jpg: 2
keira,0.732944921692,topredict\unknown\Nicole-Richie-Family-Halloween-Costumes.jpg: 0
derya,0.630725066655,topredict\unknown\Nicole-Richie-Family-Halloween-Costumes.jpg: 1
Abdulrahman,0.604353837905,topredict\unknown\Nikki-Reed-Ian-Somerhalder-XQ-Super-School-Event-2017.jpg: 0
keira,0.648331577582,topredict\unknown\Nina-Dobrev-Harper-BAZAAR-Event-LA.jpg: 0
clarke,0.707073076374,topredict\unknown\Nina-Dobrev-Harper-BAZAAR-Event-LA.jpg: 1
natalie,0.707204581618,topredict\unknown\Nina-Dobrev-Harper-BAZAAR-Event-LA.jpg: 2
derya,0.727562416906,topredict\unknown\Office-Revival-Details.jpg: 0
abdullah,0.692172576843,topredict\unknown\Office-Revival-Details.jpg: 1
hussam,0.667928190756,topredict\unknown\Office-Revival-Details.jpg: 2
Abdulrahman,0.651566751688,topredict\unknown\Office-Revival-Details.jpg: 3
Abdulrahman,0.613008659946,topredict\unknown\Office-Revival-Details.jpg: 4
morgan,0.680046159361,topredict\unknown\Oprah-Receive-Cecil-B-DeMille-Award-Golden-Globes.jpg: 0
Malik,0.668804840137,topredict\unknown\Oprah-Receive-Cecil-B-DeMille-Award-Golden-Globes.jpg: 1
Malik,0.635515337897,topredict\unknown\Oprah-Receive-Cecil-B-DeMille-Award-Golden-Globes.jpg: 2
abdullah,0.642144685257,topredict\unknown\Oprah-Receive-Cecil-B-DeMille-Award-Golden-Globes.jpg: 3
morgan,0.704833063937,topredict\unknown\Oprah-Winfrey-Married.jpg: 0
morgan,0.809114084004,topredict\unknown\Oprah-Winfrey-Married.jpg: 1
natalie,0.762462869798,topredict\unknown\Orange-New-Black-Cast-Photos.jpg: 0
matt,0.668397675171,topredict\unknown\Owen-Luke-Andrew-Wilson.jpg: 0
matt,0.664332568413,topredict\unknown\Owen-Luke-Andrew-Wilson.jpg: 1
leo,0.696070304003,topredict\unknown\Owen-Luke-Andrew-Wilson.jpg: 2
clarke,0.71089169323,topredict\unknown\Pamela-Anderson-Asks-Kim-Kardashian-Stop-Wearing-Fur.jpg: 0
clarke,0.642812701415,topredict\unknown\Paris-Jackson-Birthday-Message-Michael-Jackson.jpg: 0
natalie,0.63454200745,topredict\unknown\Paris-Jackson-Singing-Austin-Brown.jpg: 0
keira,0.716257024729,topredict\unknown\Photo-Britney-Spears-Without-Makeup.jpg: 0
keira,0.787707727292,topredict\unknown\Photos-Lucille-Ball.jpg: 0
matt,0.640867183581,topredict\unknown\Photos-Lucille-Ball.jpg: 1
abdullah,0.712054216251,topredict\unknown\Pics-Dwayne-Johnson-Jumanji-Premiere-LA-December-2017.jpg: 0
derya,0.684913179683,topredict\unknown\Pics-Dwayne-Johnson-Jumanji-Premiere-LA-December-2017.jpg: 1
fassbender,0.70177521013,topredict\unknown\Pictures-British-Royals-Athletes.jpg: 0
fassbender,0.737077776684,topredict\unknown\Pictures-British-Royals-Athletes.jpg: 1
matt,0.741452090812,topredict\unknown\Pictures-British-Royals-Athletes.jpg: 2
Malik,0.680981998531,topredict\unknown\Pictures-Jake-Gyllenhaal-Over-Years.jpg: 0
clarke,0.702023650107,topredict\unknown\Pictures-Meghan-Markle-Through-Years.jpg: 0
Abdulrahman,0.734159372638,topredict\unknown\Pink-Her-Daughter-CMA-Awards-2017.jpg: 0
natalie,0.771911899498,topredict\unknown\Pink-Her-Daughter-CMA-Awards-2017.jpg: 1
abdullah,0.731880583117,topredict\unknown\Pink-Instagram-Photo-Willow-Jameson-Hart-Dec-2017.jpg: 0
hussam,0.730442992158,topredict\unknown\Pink-Instagram-Photo-Willow-Jameson-Hart-Dec-2017.jpg: 1
matt,0.691980637478,topredict\unknown\Pink-Quote-About-Stabbing-Carey-Hart-Fork.jpg: 0
leo,0.806094504239,topredict\unknown\Pink-Quote-About-Stabbing-Carey-Hart-Fork.jpg: 1
matt,0.694589797511,topredict\unknown\Pink-Quotes-About-Loving-Carey-Hart.jpg: 0
Abdulrahman,0.660594219787,topredict\unknown\Pink-Talks-About-Daughter-Willow-Cosmopolitan-Jan-2018.jpg: 0
derya,0.714730756032,topredict\unknown\Pop-Culture-Costume-Ideas-Celebrities.jpg: 0
Abdulrahman,0.677095471544,topredict\unknown\Prince-2017-Pantone-Color.jpg: 0
hussam,0.69620354749,topredict\unknown\Prince-George-Cant-Have-Best-Friend-School.jpg: 0
kit,0.694688609568,topredict\unknown\Prince-George-Doesnt-Love-Going-School.jpg: 0
matt,0.674173964772,topredict\unknown\Prince-George-Favorite-Movie.jpg: 0
leo,0.682066708172,topredict\unknown\Prince-George-Favorite-Movie.jpg: 1
hussam,0.686667461882,topredict\unknown\Prince-George-First-Day.jpg: 0
Malik,0.743134113889,topredict\unknown\Prince-Harry-100-Women-Finance-Gala-October-2017.jpg: 0
fassbender,0.742501832262,topredict\unknown\Prince-Harry-2017-Attitude-Awards.jpg: 0
hussam,0.67818271419,topredict\unknown\Prince-Harry-Barack-Obama-Photos.jpg: 0
fassbender,0.747100204086,topredict\unknown\Prince-Harry-Invictus-Games-2017.jpg: 0
abdullah,0.654805067797,topredict\unknown\Prince-Harry-Kissing-Meghan-Markle-Invictus-Games-2017.jpg: 0
keira,0.677817103613,topredict\unknown\Prince-Harry-Little-Girl-Invictus-Games-2017.jpg: 0
Malik,0.708638841198,topredict\unknown\Prince-Harry-Meghan-Markle-2017-Invictus-Games.jpg: 0
Malik,0.628136284481,topredict\unknown\Prince-Harry-Meghan-Markle-Engaged.jpg: 0
derya,0.711500372312,topredict\unknown\Prince-Harry-Meghan-Markle-Engaged.jpg: 1
derya,0.705234107621,topredict\unknown\Prince-Harry-Meghan-Markle-Engagement-Photos.jpg: 0
clarke,0.688182879161,topredict\unknown\Prince-Harry-Meghan-Markle-First-Official-Engagement.jpg: 0
Malik,0.650996751267,topredict\unknown\Prince-Harry-Meghan-Markle-First-Official-Engagement.jpg: 1
derya,0.720442002353,topredict\unknown\Prince-Harry-Meghan-Markle-First-Official-Engagement.jpg: 2
keira,0.762689634988,topredict\unknown\Prince-Harry-Meghan-Markle-PDA-Pictures.jpg: 0
clarke,0.724700139278,topredict\unknown\Prince-Harry-Meghan-Markle-Quotes-About-Each-Other.jpg: 0
Malik,0.712030552358,topredict\unknown\Prince-Harry-Meghan-Markle-Quotes-About-Each-Other.jpg: 1
clarke,0.686704706567,topredict\unknown\Prince-Harry-Meghan-Markle-Related.jpg: 0
Brody,0.725700811398,topredict\unknown\Prince-Harry-Meghan-Markle-Related.jpg: 1
clarke,0.655021231749,topredict\unknown\Prince-Harry-Meghan-Markle-Wedding-Date.jpg: 0
derya,0.671685529757,topredict\unknown\Prince-Harry-Melania-Trump-Invictus-Games-2017.jpg: 0
Malik,0.631617430517,topredict\unknown\Prince-Harry-Northern-Ireland-September.jpg: 0
Malik,0.757087460699,topredict\unknown\Prince-Harry-Promoted-Captain-General-Royal-Marines.jpg: 0
clarke,0.683898326358,topredict\unknown\Prince-Harry-Quote-About-Meghan-Markle-Being-One.jpg: 0
derya,0.736655876161,topredict\unknown\Prince-Harry-Visiting-Terrence-Higgins-Trust-Nov-2017.jpg: 0
brody,0.689486181661,topredict\unknown\Prince-Harry-Visiting-Terrence-Higgins-Trust-Nov-2017.jpg: 1
Malik,0.673215377395,topredict\unknown\Prince-Harry-Visiting-Terrence-Higgins-Trust-Nov-2017.jpg: 2
abdullah,0.740717574084,topredict\unknown\Prince-Harry-Visits-Lancashire-Pictures-October-2017.jpg: 0
morgan,0.779640775044,topredict\unknown\Prince-Harry-Visits-Lancashire-Pictures-October-2017.jpg: 1
Malik,0.684243077924,topredict\unknown\Prince-William-Harry-Star-Wars-Last-Jedi-Premiere-2017.jpg: 0
matt,0.710756826542,topredict\unknown\Prince-William-Harry-Star-Wars-Last-Jedi-Premiere-2017.jpg: 1
keira,0.66015433482,topredict\unknown\Prince-William-Kate-Middleton-Christmas-Card-2017.jpg: 0
matt,0.731852736869,topredict\unknown\Prince-William-Kate-Middleton-Christmas-Card-2017.jpg: 1
fassbender,0.720733976061,topredict\unknown\Prince-William-Kate-Middleton-Coach-Core-Graduation.jpg: 0
Brody,0.684705256209,topredict\unknown\Prince-William-Kate-Middleton-Coach-Core-Graduation.jpg: 1
keira,0.694694435567,topredict\unknown\Prince-William-Kate-Middleton-Coach-Core-Graduation.jpg: 2
keira,0.639315670704,topredict\unknown\Prince-William-Kate-Middleton-Wedding-Pictures.jpg: 0
kit,0.708168820975,topredict\unknown\Prince-William-Talks-About-Prince-George-Going-School.jpg: 0
derya,0.651111135221,topredict\unknown\Princes-Harry-William-Engagement-Photocall-Pictures.jpg: 0
Abdulrahman,0.77914050305,topredict\unknown\Princess-Diana-Childhood-Photos.jpg: 0
matt,0.73237767811,topredict\unknown\Princess-Diana-Death-20th-Anniversary-Collector-Book.jpg: 0
hussam,0.679336353308,topredict\unknown\Princess-Diana-Death-20th-Anniversary-Collector-Book.jpg: 1
natalie,0.699134565754,topredict\unknown\Princesses-From-Around-World.jpg: 0
keira,0.685702414148,topredict\unknown\Princesses-From-Around-World.jpg: 1
abdullah,0.701628048104,topredict\unknown\Princesses-From-Around-World.jpg: 2
brody,0.653328078587,topredict\unknown\Property-Brothers-Wonder-Woman-Halloween-Costume-2017.jpg: 0
Brody,0.665966612598,topredict\unknown\Property-Brothers-Wonder-Woman-Halloween-Costume-2017.jpg: 1
keira,0.6891079314,topredict\unknown\Queen-Letizia-Driving-Princess-Leonor-School-Pictures.jpg: 0
hussam,0.704945865835,topredict\unknown\Rachel-Bilson-Hayden-Christensen-Break-Up.jpg: 0
keira,0.707239612826,topredict\unknown\Rachel-Bilson-Hayden-Christensen-Break-Up.jpg: 1
keira,0.664934631791,topredict\unknown\Rachel-Hattie-Bilson.jpg: 0
leo,0.750066570372,topredict\unknown\Rachel-Hattie-Bilson.jpg: 1
clarke,0.683627243178,topredict\unknown\Rashed-Belhasa-Host-Back-School-Event-Le-BHV-Dubai.jpg: 0
abdullah,0.637411424648,topredict\unknown\Rashid-Bin-Humaid-Al-Nuaimi-Best-Instagram-Pictures.jpg: 0
morgan,0.712240284838,topredict\unknown\Reactions-Aziz-Ansari-Lena-Waithe-Emmys-2017.jpg: 0
abdullah,0.585468567877,topredict\unknown\Reactions-Aziz-Ansari-Lena-Waithe-Emmys-2017.jpg: 1
morgan,0.712859246859,topredict\unknown\Reactions-Hugh-Hefner-Death.jpg: 0
clarke,0.68999677011,topredict\unknown\Reese-Witherspoon-Ava-Home-Again-Premiere-August-2017.jpg: 0
clarke,0.684803682686,topredict\unknown\Reese-Witherspoon-Ava-Home-Again-Premiere-August-2017.jpg: 1
leo,0.697347871985,topredict\unknown\Reese-Witherspoon-Christmas-Pictures.jpg: 0
clarke,0.718313274156,topredict\unknown\Reese-Witherspoon-Christmas-Pictures.jpg: 1
morgan,0.677246034474,topredict\unknown\Reese-Witherspoon-Christmas-Pictures.jpg: 2
kit,0.680846071112,topredict\unknown\Ricky-Martin-Dubai-Jazz-Festival-2018.jpg: 0
derya,0.811941189677,topredict\unknown\Rihanna-Braless-Pictures-September-2017.jpg: 0
keira,0.750541618776,topredict\unknown\Robert-Pattinson-FKA-Twigs-Break-Up.jpg: 0
derya,0.689085484635,topredict\unknown\Robert-Pattinson-FKA-Twigs-Break-Up.jpg: 1
keira,0.616628765584,topredict\unknown\Robert-Pattinson-FKA-Twigs-Break-Up.jpg: 2
Brody,0.680959880111,topredict\unknown\Robert-Pattinson-FKA-Twigs-Break-Up.jpg: 3
hussam,0.722694964356,topredict\unknown\Robert-Pattinson-FKA-Twigs-Break-Up.jpg: 4
leo,0.748881502864,topredict\unknown\Robert-Pattinson-Watching-Dancers-Knicks-Game-Nov-2017.jpg: 0
Brody,0.689742959985,topredict\unknown\Robert-Pattinson-Watching-Dancers-Knicks-Game-Nov-2017.jpg: 1
derya,0.686824227623,topredict\unknown\Ryan-Gosling-Eva-Mendes-SNL-Party-2017.jpg: 0
derya,0.734794241916,topredict\unknown\Ryan-Gosling-Eva-Mendes-SNL-Party-2017.jpg: 1
clarke,0.722026047543,topredict\unknown\Ryan-Mandi-Gosling.jpg: 0
keira,0.755188242394,topredict\unknown\Sandra-Bullock-Donates-Money-Hurricane-Harvey.jpg: 0
derya,0.688420265859,topredict\unknown\Saoirse-Ronan-Tries-Pronounce-Difficult-Celeb-Names.jpg: 0
abdullah,0.693885417501,topredict\unknown\Saudi-Women-Can-Driver-Motorcycles-Trucks.jpg: 0
keira,0.650403519458,topredict\unknown\Scarlett-Hunter-Johansson.jpg: 0
derya,0.605745204893,topredict\unknown\Scarlett-Johansson-Colin-Jost-American-Museum-Gala-2017.jpg: 0
hussam,0.681332755377,topredict\unknown\Scarlett-Johansson-Colin-Jost-American-Museum-Gala-2017.jpg: 1
matt,0.661226743532,topredict\unknown\Scary-Movies-Watch-Netflix.jpg: 0
leo,0.788181410202,topredict\unknown\See-Dame-Julie-Walters-Helen-McCrory-OBE-Investitures.jpg: 0
leo,0.748899533314,topredict\unknown\See-Dame-Julie-Walters-Helen-McCrory-OBE-Investitures.jpg: 1
abdullah,0.775314946729,topredict\unknown\See-Kate-Moss-British-Vogue-December-Issue-Dinner.jpg: 0
keira,0.755590619383,topredict\unknown\See-Kate-Moss-British-Vogue-December-Issue-Dinner.jpg: 1
clarke,0.78813003787,topredict\unknown\See-Kate-Moss-British-Vogue-December-Issue-Dinner.jpg: 2
derya,0.65694180142,topredict\unknown\Selena-Gomez-Had-Kidney-Transplant.jpg: 0
derya,0.688999079439,topredict\unknown\Selena-Gomez-Her-Sister-Instagram-Video.jpg: 0
derya,0.674586165957,topredict\unknown\Selena-Gomez-Joins-Puma.jpg: 0
natalie,0.640459033915,topredict\unknown\Selena-Gomez-Mom-Quotes-About-Kidney-Transplant.jpg: 0
derya,0.685830147565,topredict\unknown\Selena-Gomez-Mom-Quotes-About-Kidney-Transplant.jpg: 1
derya,0.685769888592,topredict\unknown\Selena-Gomez-Talks-About-Her-Lupus-Diagnosis-November-2017.jpg: 0
derya,0.723848223286,topredict\unknown\Selena-Gomez-Talks-About-Taylor-Swift-Reputation-Album.jpg: 0
keira,0.707650731065,topredict\unknown\Selena-Gomez-Talks-About-Taylor-Swift-Reputation-Album.jpg: 1
clarke,0.856286681161,topredict\unknown\Selena-Gomez-Walks-Out-Justin-Bieber-During-Date.jpg: 0
derya,0.654865364519,topredict\unknown\Selena-Gomez-Walks-Out-Justin-Bieber-During-Date.jpg: 1
abdullah,0.745758091941,topredict\unknown\Sexy-Chad-Michael-Murray-Photos.jpg: 0
matt,0.661999513661,topredict\unknown\Sexy-Photos-Jon-Hamm.jpg: 0
abdullah,0.614762547507,topredict\unknown\Shah-Rukh-Khan-52nd-Birthday.jpg: 0
hussam,0.649592168692,topredict\unknown\Shah-Rukh-Khan-52nd-Birthday.jpg: 1
abdullah,0.668525992787,topredict\unknown\Shah-Rukh-Khan-52nd-Birthday.jpg: 2
keira,0.698351393903,topredict\unknown\Shah-Rukh-Khan-52nd-Birthday.jpg: 3
clarke,0.620083915533,topredict\unknown\Shah-Rukh-Khan-52nd-Birthday.jpg: 4
natalie,0.669654463289,topredict\unknown\Shailene-Tanner-Woodley.jpg: 0
kit,0.712303765237,topredict\unknown\Shailene-Tanner-Woodley.jpg: 1
leo,0.666026024537,topredict\unknown\Shawn-Aaron-Ashmore.jpg: 0
leo,0.711997620213,topredict\unknown\Shawn-Aaron-Ashmore.jpg: 1
Brody,0.626948221018,topredict\unknown\Sheikh-Hamdan-35th-Birthday.jpg: 0
matt,0.677428168141,topredict\unknown\Smith-Shares-Photo-Aladdin-Cast.jpg: 0
natalie,0.607973046393,topredict\unknown\Smith-Shares-Photo-Aladdin-Cast.jpg: 1
hussam,0.656560217895,topredict\unknown\Smith-Shares-Photo-Aladdin-Cast.jpg: 2
morgan,0.692179144111,topredict\unknown\Smith-Shares-Photo-Aladdin-Cast.jpg: 3
morgan,0.693518068613,topredict\unknown\Smith-Talks-Watching-Sons-Dubai-Skydive-Ellen-Show.jpg: 0
Abdulrahman,0.773175626042,topredict\unknown\Solar-Eclipse-2017-Memes.jpg: 0
kit,0.677792829798,topredict\unknown\Solar-Eclipse-2017-Memes.jpg: 1
morgan,0.774184926896,topredict\unknown\Solar-Eclipse-2017-Memes.jpg: 2
morgan,0.683359386372,topredict\unknown\Sophie-Turner-Joe-Jonas-Out-Dog.jpg: 0
natalie,0.705867818933,topredict\unknown\Spanish-Royal-Family-2017-Christmas-Card.jpg: 0
hussam,0.726441912944,topredict\unknown\Spanish-Royal-Family-2017-Christmas-Card.jpg: 1
matt,0.786686039828,topredict\unknown\Star-Wars-Cast-Twitter-Instagram.jpg: 0
Abdulrahman,0.697007261563,topredict\unknown\Star-Wars-Cast-Twitter-Instagram.jpg: 1
morgan,0.549627390326,topredict\unknown\Star-Wars-Cast-Twitter-Instagram.jpg: 2
morgan,0.677854471829,topredict\unknown\Star-Wars-Last-Jedi-Premiere-Photos.jpg: 0
hussam,0.634279671529,topredict\unknown\Star-Wars-Last-Jedi-Premiere-Photos.jpg: 1
keira,0.643614435424,topredict\unknown\Stars-Who-Still-Believe-Ghosts.jpg: 0
morgan,0.689247715328,topredict\unknown\Stranger-Things-Cast-GQ-Awards.jpg: 0
clarke,0.680016891205,topredict\unknown\Stranger-Things-Cast-GQ-Awards.jpg: 1
kit,0.643218751488,topredict\unknown\Stranger-Things-Cast-GQ-Awards.jpg: 2
abdullah,0.674626699062,topredict\unknown\Stranger-Things-Cast-GQ-Awards.jpg: 3
clarke,0.743324082338,topredict\unknown\Suits-Arabic-Remix.jpg: 0
hussam,0.6837485092,topredict\unknown\Take-Dubai-Gig-November-2017.jpg: 0
fassbender,0.659888616181,topredict\unknown\Take-Dubai-Gig-November-2017.jpg: 1
Abdulrahman,0.63016551621,topredict\unknown\Take-Dubai-Gig-November-2017.jpg: 2
abdullah,0.816885384716,topredict\unknown\Taraji-P-Henson-Quotes-About-Her-Boyfriend-December-2017.jpg: 0
leo,0.717069460229,topredict\unknown\Taylor-Austin-Swift.jpg: 0
keira,0.662971917527,topredict\unknown\Taylor-Austin-Swift.jpg: 1
clarke,0.614581457228,topredict\unknown\Taylor-Hill-Dubai-2017.jpg: 0
keira,0.643434090555,topredict\unknown\Taylor-Swift-Reputation-Album-Review.jpg: 0
keira,0.696127476758,topredict\unknown\Taylor-Swift-Reputation-Letter.jpg: 0
keira,0.725457587931,topredict\unknown\Taylor-Swift-Reputation-Secret-Sessions-London-Pictures.jpg: 0
natalie,0.719372163322,topredict\unknown\Taylor-Swift-Reputation-Secret-Sessions-London-Pictures.jpg: 1
keira,0.665308803356,topredict\unknown\Taylor-Swift-Reputation-Secret-Sessions-London-Pictures.jpg: 2
keira,0.71186345315,topredict\unknown\Taylor-Swift-Reputation-Spotify.jpg: 0
keira,0.744577849989,topredict\unknown\Taylor-Swift-Wins-Groping-Trial-Against-DJ.jpg: 0
keira,0.649664711033,topredict\unknown\Taylor-Swift-Wins-Song-Year-2017-CMA-Awards.jpg: 0
morgan,0.57237539038,topredict\unknown\Terry-Crews-Talks-About-Being-Sexually-Assaulted.jpg: 0
keira,0.663023804445,topredict\unknown\Themes-Taylor-Swift-Reputation-Album.jpg: 0
keira,0.707956408843,topredict\unknown\Things-Watch-Netflix-Middle-East-October-2017.jpg: 0
abdullah,0.717254718327,topredict\unknown\Things-Watch-Netflix-Middle-East-October-2017.jpg: 1
kit,0.69992700855,topredict\unknown\Thor-Ragnarok-Movie-Stills.jpg: 0
derya,0.721895490335,topredict\unknown\Tina-Knowles-Talking-About-Beyonce-Twins-2017.jpg: 0
clarke,0.713821790807,topredict\unknown\Tina-Knowles-Talking-About-Beyonce-Twins-2017.jpg: 1
derya,0.709555095141,topredict\unknown\Tina-Lawson-Quotes-About-Beyonce-Twins-December-2017.jpg: 0
derya,0.772361152456,topredict\unknown\Tina-Lawson-Quotes-About-Beyonce-Twins-December-2017.jpg: 1
hussam,0.714399664002,topredict\unknown\Tina-Lawson-Throwback-Photo-Beyonce-Looking-Like-Blue.jpg: 0
matt,0.650915580283,topredict\unknown\Tom-Cruise-Injured-Mission-Impossible-6.jpg: 0
fassbender,0.707472419935,topredict\unknown\Tom-Hiddleston-Thor-Ragnarok-Premiere.jpg: 0
abdullah,0.673577875718,topredict\unknown\Tom-Hiddleston-Thor-Ragnarok-Premiere.jpg: 1
matt,0.693059417245,topredict\unknown\Tom-Petty-Dies.jpg: 0
derya,0.752695642977,topredict\unknown\Toni-Braxton-Coming-Dubai-October-2017.jpg: 0
matt,0.698608212196,topredict\unknown\Trailer-Dark-Netflix.jpg: 0
leo,0.72637924952,topredict\unknown\Trevor-Noah-Abu-Dhabi-2017.jpg: 0
matt,0.693865311993,topredict\unknown\Us-Cast-2017-Emmys.jpg: 0
derya,0.718487480934,topredict\unknown\Us-Cast-2017-Emmys.jpg: 1
clarke,0.696037512672,topredict\unknown\Vanessa-Hudgens-Speech-Teen-Choice-Awards-2017.jpg: 0
keira,0.67523718147,topredict\unknown\Vanessa-Stella-Hudgens.jpg: 0
derya,0.691526072244,topredict\unknown\Video-Shows-Meaning-Palestinian-Flag.jpg: 0
matt,0.68592429367,topredict\unknown\Videos-Luke-Evans-Singing.jpg: 0
abdullah,0.658841818237,topredict\unknown\Watch-Elton-John-Emotional-Tribute-Mother-Dubai-Gig.jpg: 0
leo,0.708049656264,topredict\unknown\Weeknd-Dating-Justin-Bieber-Ex-Girlfriend-2017.jpg: 0
derya,0.700969461171,topredict\unknown\Weeknd-Dating-Justin-Bieber-Ex-Girlfriend-2017.jpg: 1
derya,0.711160661838,topredict\unknown\Weeknd-Supports-Selena-Gomez-After-Kidney-Transplant.jpg: 0
leo,0.728582605759,topredict\unknown\Weeknd-Supports-Selena-Gomez-After-Kidney-Transplant.jpg: 1
leo,0.676354638852,topredict\unknown\What-2017-Dubai-International-Film-Festival-Goodie-Bag.jpg: 0
derya,0.65898150803,topredict\unknown\What-Demi-Lovato-Simply-Complicated-About.jpg: 0
clarke,0.661536052018,topredict\unknown\What-Heir-Spare.jpg: 0
leo,0.720977695675,topredict\unknown\What-Heir-Spare.jpg: 1
leo,0.683213312141,topredict\unknown\What-Kate-Going-Name-Third-Child.jpg: 0
clarke,0.689018767778,topredict\unknown\What-Kate-Going-Name-Third-Child.jpg: 1
clarke,0.684779702636,topredict\unknown\What-Like-Meghan-Markle-Meet-Royal-Family.jpg: 0
Brody,0.714099045864,topredict\unknown\What-Prince-Charles-Do-When-He-Becomes-King.jpg: 0
matt,0.734109819875,topredict\unknown\What-Prince-Charles-Do-When-He-Becomes-King.jpg: 1
brody,0.725428072111,topredict\unknown\What-Prince-Charles-Do-When-He-Becomes-King.jpg: 2
keira,0.650613073871,topredict\unknown\What-Prince-Charles-Do-When-He-Becomes-King.jpg: 3
brody,0.751041132586,topredict\unknown\What-Prince-Charles-Do-When-He-Becomes-King.jpg: 4
keira,0.658945977921,topredict\unknown\What-Prince-Harry-Meghan-Markle-Wedding-Like.jpg: 0
abdullah,0.679722578443,topredict\unknown\What-Prince-Harry-Meghan-Markle-Wedding-Like.jpg: 1
Malik,0.697796182247,topredict\unknown\What-Would-Princess-Diana-Think-About-Meghan-Markle.jpg: 0
keira,0.646720567676,topredict\unknown\What-Would-Princess-Diana-Think-About-Meghan-Markle.jpg: 1
kit,0.710429137357,topredict\unknown\What-You-Need-Know-About-Harvey-Weinstein.jpg: 0
derya,0.794081833789,topredict\unknown\When-Did-Sarah-Paulson-Holland-Taylor-Meet.jpg: 0
clarke,0.713241311124,topredict\unknown\When-Did-Sarah-Paulson-Holland-Taylor-Meet.jpg: 1
keira,0.693079620095,topredict\unknown\When-Do-Taylor-Swift-Reputation-Tickets-Go-Sale.jpg: 0
leo,0.662801528897,topredict\unknown\When-Does-Prince-George-Start-School.jpg: 0
keira,0.66450927388,topredict\unknown\When-Kate-Middleton-Third-Baby-Due.jpg: 0
natalie,0.71795022572,topredict\unknown\When-Kim-Kardashian-Kanye-West-Third-Baby-Due.jpg: 0
morgan,0.692687143421,topredict\unknown\When-Kim-Kardashian-Kanye-West-Third-Baby-Due.jpg: 1
derya,0.630544149769,topredict\unknown\When-Prince-Harry-Meghan-Markle-Get-Married.jpg: 0
leo,0.724486637916,topredict\unknown\Where-Charlie-Heaton-From.jpg: 0
leo,0.680910280048,topredict\unknown\Where-New-Royal-Baby-Line-Throne.jpg: 0
clarke,0.717442748562,topredict\unknown\Where-Prince-Harry-Meghan-Markle-Getting-Married.jpg: 0
Malik,0.693816936205,topredict\unknown\Where-Prince-Harry-Meghan-Markle-Getting-Married.jpg: 1
morgan,0.641065696308,topredict\unknown\Which-Athletes-Has-Khloe-Kardashian-Dated.jpg: 0
keira,0.774733782121,topredict\unknown\Which-Athletes-Has-Khloe-Kardashian-Dated.jpg: 1
abdullah,0.722949068422,topredict\unknown\Which-UAE-Outlets-Accept-Apple-Pay.jpg: 0
derya,0.674864103628,topredict\unknown\Whitney-Jade-Port.jpg: 0
clarke,0.707486122536,topredict\unknown\Whitney-Jade-Port.jpg: 1
kit,0.650856711751,topredict\unknown\Who-2018-Super-Bowl-Halftime-Performer.jpg: 0
clarke,0.708094507182,topredict\unknown\Who-Demi-Lovato-Ruin-Friendship-Song-About.jpg: 0
abdullah,0.682571030443,topredict\unknown\Who-Demi-Lovato-Ruin-Friendship-Song-About.jpg: 1
keira,0.772557658153,topredict\unknown\Who-Has-Emma-Stone-Dated.jpg: 0
Malik,0.738536088934,topredict\unknown\Who-Has-Emma-Stone-Dated.jpg: 1
matt,0.693071447085,topredict\unknown\Who-Host-2018-Golden-Globes.jpg: 0
natalie,0.593858082221,topredict\unknown\Who-Hosts-Saturday-Night-Live-Season-43.jpg: 0
keira,0.633905725992,topredict\unknown\Who-Hunter-McGrady.jpg: 0
clarke,0.66387861311,topredict\unknown\Who-Meghan-Markle-Parents.jpg: 0
abdullah,0.682315996966,topredict\unknown\Who-Meghan-Markle-Parents.jpg: 1
clarke,0.593911516892,topredict\unknown\Who-Miley-Cyrus-She-Him-About.jpg: 0
natalie,0.718935536168,topredict\unknown\Who-Presenting-2018-SAG-Awards.jpg: 0
derya,0.717614809753,topredict\unknown\Who-Robin-Wright-Date-Emmys-2017.jpg: 0
natalie,0.725759601917,topredict\unknown\Who-Robin-Wright-Date-Emmys-2017.jpg: 1
clarke,0.802884970995,topredict\unknown\Who-Teyana-Taylor.jpg: 0
morgan,0.778882213181,topredict\unknown\Who-Yvonne-Orji.jpg: 0
keira,0.736685054162,topredict\unknown\Why-Celebrities-Wearing-Blue-Ribbons-Emmys.jpg: 0
matt,0.618000723247,topredict\unknown\Why-Did-Nicole-Kidman-Divorce-Tom-Cruise.jpg: 0
keira,0.741851492355,topredict\unknown\Why-Did-Nicole-Kidman-Divorce-Tom-Cruise.jpg: 1
keira,0.702091714604,topredict\unknown\Why-Did-Taylor-Swift-Delete-Her-Social-Media-Accounts.jpg: 0
abdullah,0.661507028303,topredict\unknown\Why-Did-Taylor-Swift-Delete-Her-Social-Media-Accounts.jpg: 1
keira,0.698311235323,topredict\unknown\Why-Didnt-Princess-Diana-Want-Become-Queen.jpg: 0
keira,0.679668915766,topredict\unknown\Why-Does-Taylor-Swift-Love-Number-Thirteen.jpg: 0
Abdulrahman,0.696340168327,topredict\unknown\Why-Isnt-Prince-Philip-King.jpg: 0
brody,0.708498286545,topredict\unknown\Why-Isnt-Prince-Philip-King.jpg: 1
leo,0.43622886583,topredict\unknown\Why-Leonardo-DiCaprio-Dating.jpg: 0
derya,0.574534009165,topredict\unknown\Why-Miley-Cyrus-Wasnt-Teen-Choice-Awards-2017.jpg: 0
derya,0.684570405151,topredict\unknown\Why-Prince-William-Kate-Middleton-Having-Third-Kid.jpg: 0
hussam,0.668329919496,topredict\unknown\Why-Prince-William-Kate-Middleton-Having-Third-Kid.jpg: 1
Malik,0.686702399168,topredict\unknown\Why-Prince-William-Kate-Middleton-Having-Third-Kid.jpg: 2
Brody,0.739488936419,topredict\unknown\Why-Princess-Diana-Called-People-Princess.jpg: 0
clarke,0.704889424602,topredict\unknown\Why-Princess-Diana-Called-People-Princess.jpg: 1
brody,0.709232725157,topredict\unknown\Why-Princess-Diana-Called-People-Princess.jpg: 2
keira,0.761395325429,topredict\unknown\Why-Princess-Diana-Called-People-Princess.jpg: 3
matt,0.693820656386,topredict\unknown\Why-Princess-Diana-Called-People-Princess.jpg: 4
morgan,0.65703277287,topredict\unknown\Why-Princess-Diana-Called-People-Princess.jpg: 5
fassbender,0.760482599359,topredict\unknown\Why-Princess-Diana-Called-People-Princess.jpg: 6
keira,0.685495232339,topredict\unknown\William-Harry-Princess-Diana-Garden-Kensington-Palace.jpg: 0
matt,0.695433455821,topredict\unknown\William-Harry-Princess-Diana-Garden-Kensington-Palace.jpg: 1
matt,0.677040984538,topredict\unknown\Win-Tickets-Disaster-Artist-Dubai-Screening.jpg: 0
brody,0.675382563143,topredict\unknown\Win-Tickets-Disaster-Artist-Dubai-Screening.jpg: 1
natalie,0.633983666313,topredict\unknown\Win-Tickets-Disaster-Artist-Dubai-Screening.jpg: 2
keira,0.773712369067,topredict\unknown\Win-Tickets-Disaster-Artist-Dubai-Screening.jpg: 3
derya,0.664672109879,topredict\unknown\WWE-Signs-First-Diva-From-Middle-East.jpg: 0
Malik,0.647577957578,topredict\unknown\YouTube-Top-10-Viral-Trending-Videos-2017.jpg: 0
abdullah,0.663714267753,topredict\unknown\YouTube-Top-10-Viral-Trending-Videos-2017.jpg: 1
abdullah,0.704505176121,topredict\unknown\Zac-Dylan-Efron.jpg: 0
derya,0.746357482586,topredict\unknown\Zendaya-Speech-Teen-Choice-Awards-2017.jpg: 0
